域名,主办方单位名称,主办方单位性质,网站备案号,网站名称,网站首页,审核日期,是否限制接入
cjhbwL.com,
hzssjd.com,杭州圣尚机电设备有限公司,企业,浙ICP备17050039号-1,杭州圣尚机电设备有限公司,www.hzssjd.com,2017-11-02 08:50:23,否
eedshssyzx.com,北京衡越教育科技有限公司,企业,京ICP备18024496号-1,北京衡越教育科技有限公司,www.eedshssyzx.com,2018-05-15 09:50:56,否
qnxh.cn,
yLxyjt.com,
4006689299.com,
schjdb.com,
hnxzLxdt.com,
bjtongnengxin.com,
heyouzs.com,
qzyyk.com,
htyw.com.cn,
myyjj.com,
qiyepu.cn,
masysL.cn,马鞍山市优势力精密机械有限公司,企业,皖ICP备18004392号-1,马鞍山市优势力精密机械有限公司,www.masysl.cn,2019-08-20 09:09:20,否
gzpipe.cn,
nnsLqj.com,
hzsyjxkj.com,
bzwcgjg.com,
xajxx.cn,
jqgjwdLhh.com,河南德鑫软件科技有限公司,企业,豫ICP备18008377号-1,河南德鑫软件科技有限公司,www.jqgjwdlhh.com,2018-03-15 12:34:25,否
sinomosushi.com,
zgmfgys.cn,漳州市阳益食品有限公司,企业,闽ICP备08001383号-1,漳州市阳益食品有限公司,www.zgmfgys.cn,2016-04-14 11:29:18,否
czxinsheng.cn,郴州市苏仙区鑫盛家用电器维修店,企业,湘ICP备15017345号-1,郴州市苏仙区鑫盛家用电器维修店,www.czxinsheng.cn,2015-11-12 09:07:26,否
caiLaishanshi.com,
dg-honghui.com,
qiaoyantang.com,
fswL1688.com,东莞市广运货运代理有限公司,企业,粤ICP备16128506号-3,东莞市广运货运代理有限公司,www.fswl1688.com,2018-03-06 16:39:05,否
cd56hj.com,
xabwtx.com,西安百文图像技术有限公司,企业,陕ICP备15006690号-1,西安百文图像技术有限公司,www.xa-bw.com;www.xabwtx.com,2018-04-26 09:40:44,否
fiLmgLass.cn,杭州宏齐节能科技有限公司,企业,浙ICP备10006070号-1,杭州宏齐节能科技有限公司,www.filmglass.cn,2019-12-02 11:35:58,否
sdhzqdyy.com,
hongyunxigua.com,台州市黄岩区瓜农协会,社会团体,浙ICP备11003135号-1,红耘西瓜网,www.hongyunxigua.com,2019-07-02 16:40:48,否
hsfxbpx.com,
speedybikegirLs.com,
jytcom.com,
hengtongjiancai.com,
cykc021.com,广州创业快车企业管理有限公司,企业,粤ICP备18021184号-6,广州创业快车企业管理有限公司,www.cykc021.com,2020-03-05 17:24:02,否
ykhhdLaz.com,营口华浩电力设备安装有限公司,企业,辽ICP备15019217号-1,营口华浩电力设备安装有限公司,www.ykhhdlaz.com,2015-12-23 10:10:31,否
oceanworLdco.com,海融天下（上海）国际贸易有限公司,企业,沪ICP备17027175号-1,海融天下(上海)国际贸易有限公司,www.oceanworldco.com,2019-04-02 14:27:27,否
zhxrL.com,株洲众合鑫人力资源有限公司,企业,湘ICP备17006652号-1,株洲众合鑫人力资源有限公司,www.zhxrl.com,2017-04-13 14:51:17,否
shibocaoping.com,
zhiyuanschooL.net,颍上县致远学校,民办非企业单位,皖ICP备18000661号-1,颍上县致远学校,www.zhiyuanschool.com.cn,2018-01-10 10:13:55,否
fifthseasondesign.com,
ymtxdoor.cn,
vt-tattoo.com,
heaLthmxpe.com,
Lycgw.net,洛阳远瞻营销策划有限公司,社会团体,豫ICP备09045089号-2,洛阳远瞻营销策划有限公司,www.lycgw.net,2019-11-01 21:02:08,否
mwgg.com.cn,上海每文广告有限公司,企业,沪ICP备19035358号-1,上海每文广告有限公司,www.mwgg.com.cn,2019-10-11 13:45:48,否
ahczqj.com,
wxsxxx.com,孙慧,个人,苏ICP备17004660号-1,孙慧作品集,www.wxsxxx.com,2017-01-22 10:08:34,否
xinyongheng888.com,
baotuanLy.com,江苏爱抱团旅行社有限公司,企业,苏ICP备15032769号-1,抱团旅游网,www.baotuanly.com,2015-07-08 10:34:59,否
szzzjm.cn,
bandmusic.com.cn,深圳市班德文化传播有限公司,企业,粤ICP备14098567号-1,深圳市班德文化传播有限公司,www.bandmusic.com.cn,2018-02-12 19:24:54,否
runtaiwujin.com,
xzjyjmzz.com,
taiwanfc101.com,
szLiuchang.com,
fsxinLida.net,
Lyaika.com,
0839ttk.com,
nnhgy.cn,
xwsnzp.com,
peshiche.com,
syduyang.com,
tp00.com,
woo4000.com,
hzjsjf.com,湖州赛普化工有限公司,企业,浙ICP备09099232号-3,湖州赛普有化工有限公司,www.hzkyuan.com,2019-05-27 16:58:56,否
hongjuchang.net,
csczyqcw.com,
anqiaosd.com,
sxantique.com,
hnhkcL.com,
demetaLLo.com,
bzxrjt.com,
zbdeq.com,
rLxaf.com,广西融利信智能科技有限公司,企业,桂ICP备16000625号-1,广西融利信智能科技有限公司,www.rlxaf.com,2020-08-05 15:31:35,否
jxptxh.cn,
ygmgpt.com,杨凌晟航农业发展有限公司,企业,陕ICP备18000014号-2,杨凌晟航农业发展有限公司,www.klsptm.com;www.ygmgpt.com,2018-07-16 10:02:50,否
hfzhaofenggd.com,合肥兆丰工贸有限责任公司,企业,皖ICP备07005352号-1,合肥兆丰工贸有限责任公司,www.hfzhaofeng.com,2019-03-22 09:52:40,否
yk3y.com,
8166662.com,
cdpwdL.com,武陵区红斌票务代理服务部,企业,湘ICP备18001088号-1,武陵区红斌票务代理服务部,www.cdpwdl.com,2018-01-19 12:55:30,否
scssft.com,
prosports.com.cn,
168560.com,
huayaowL.com,
njcfdc.com,
guofang93.com,
pxrj99.cn,
htagL.com,
dzsyzL.com,
681b.com,
LifLicon.cn,莱弗康生活用品（苏州）有限公司,企业,苏ICP备16041006号-3,莱弗康生活用品（苏州）有限公司,www.liflicon.cn,2021-04-19 15:32:52,否
bjgn13.com,
huaxin68.com,
hebeijianLongmenye.com,河北坚龙门业有限公司,企业,冀ICP备16025856号-2,河北坚龙门业有限公司,www.hebeijianlongmenye.com,2020-07-21 20:22:13,否
mcochina.com,
dgyatian.com,
changchunqh.com,
tengdafeidiaosu.com,
gzxyszs.com,
xhpco.com,
padrhy.com,岳阳平安达贸易有限公司,企业,湘ICP备18003129号-1,岳阳平安达贸易有限公司,www.padrhy.com,2018-02-13 10:48:23,否
sz-xdz.com.cn,
51wym.com,
762d.com,
91-17.com,
hkzcgs8.com,深圳市皓辉企业管理咨询有限公司,企业,粤ICP备18056746号-1,皓辉企业管理,www.hkzcgs8.com,2020-01-03 14:30:51,否
odd-Lure.com,
jgsjdzs.com,
chaoLiu-tc.com,广东古宝斯陶瓷有限公司,企业,粤ICP备16030909号-1,广东古宝斯陶瓷有限公司,www.goodboss-tc.com;www.zhanmei-tc.com;www.shichang-tc.com;www.chaoliu-tc.com,2017-07-21 09:10:49,否
kdmksb.com,
scweidao.com,四川省凫络广告传媒有限责任公司,企业,蜀ICP备17010535号-1,四川省凫络广告传媒有限公司,www.scweidao.com,2020-06-16 09:06:29,否
fstbsyj.com,
csjujin.com,
maxtok.com.cn,
huitu365.com,叶晖,个人,京ICP备15066656号-1,惠涂网,www.huitu365.com,2015-12-25 10:14:48,否
diLimei.com,
csjdrhy.com,
taLycc.com,泰安市泰山景区绿苑茶厂,企业,鲁ICP备17008307号-1,泰安市泰山景区绿苑茶厂,www.talycc.com;www.wangshibiyan.com,2017-03-02 09:50:40,否
jxsbc.net,
nbmeiheng.com,
sjzxfbj.com,
tubaedu.com,广东三川智传广告有限公司,企业,粤ICP备11030989号-7,广东三川智传广告有限公司官方网站,www.tubaedu.com,2019-10-24 17:19:53,否
njjwbwmL.com,
ynwLmhLg.com,
cdrzjy.cn,成都爱无限教育咨询有限公司,企业,蜀ICP备07004703号-1,成都市爱无限教育咨询有限公司,www.cdrzjy.cn;www.awxjy.com,2013-11-28 09:54:08,否
qdxiazhuang.com,
51-training.com,
dn-ego.com,
jq1234.com,
jsguangtian.cn,常州广天机械有限公司,企业,苏ICP备19069891号-1,常州广天机械有限公司,www.jsguangtian.cn,2019-12-04 09:00:11,否
tiamocafe.net,东莞市堤亚摩贸易有限公司,企业,粤ICP备16022339号-1,堤亚摩贸易,www.tiamocafe.net,2016-03-22 16:04:01,否
dreamdoLLsgaLLery.com,
zhsLsd.com,
fangyujixie.com,东光县耿雨机械设备有限公司,企业,冀ICP备18006465号-1,东光县耿雨机械设备有限公司,www.fangyujixie.com,2019-01-07 13:28:42,否
shshensuo.com,
15350760072.com,
scsxy.com.cn,四川蜀信易电子商务有限公司,企业,蜀ICP备15034224号-2,四川蜀信易,www.scsxy.com.cn,2019-05-21 17:36:06,否
52518.cn,
vpassedu.com,
zh-it.cn,
cd-jdkj.com,
fsjpd.com,
cdfuzefood.com,
jmgdpj.com,河南佳鸣管道配件有限公司,企业,豫ICP备16007324号-1,河南佳鸣管道配件有限公司,www.jmgdpj.com,2016-03-21 11:41:59,否
hansenonLine.com.cn,
upspam.com,
jiLinbaLichuntianpicao.com,
ayztyj.cn,安阳冠鑫冶金耐材有限公司,企业,豫ICP备18037478号-1,安阳冠鑫冶金耐材有限公司,www.ayztyj.cn,2018-10-25 08:59:30,否
syjszjz.com,
onzhuce.com,铭喜企业服务集团有限公司,企业,沪ICP备15028151号-4,铭喜企业服务集团有限公司,www.onzhuce.com,2021-05-11 13:33:15,否
ajuyou.com,成都巨有创意文化传播有限公司,企业,蜀ICP备16022846号-1,巨有创意,www.ajuyou.com,2016-08-19 11:12:54,否
fjshengan.cn,福建省泉州市盛安物流有限公司,企业,闽ICP备15014415号-1,福建省泉州市盛安物流公司,www.fjshengan.cn,2020-03-05 15:18:27,否
hongdingcoffee.com,
LawaLLy.cn,孙继锋,个人,苏ICP备13039846号-1,法助网,www.lawally.cn,2013-08-13 16:02:04,否
hbtcgd888.com,河北通诚钢管制造有限公司,企业,冀ICP备17012662号-11,河北通诚钢管制造有限公司,www.hbtcgd888.com,2020-08-12 19:36:32,否
chaohuibLLp.com,
dysstny.com,衡阳大云山生态农业有限公司,企业,湘ICP备18001380号-1,衡阳大云山生态农业有限公司,www.dysstny.com,2018-01-22 17:06:51,否
kksy123.com,廊坊市广阳区快刻速运刻字社,企业,冀ICP备17008392号-1,廊坊市广阳区快刻速运刻字社,www.kksy123.com,2017-03-31 10:27:28,否
shanshuirenjia.cn,
tbdnz.com,
hhmrrdm.cn,
syLsjt.cn,
rugzm.com,
jixin-finance.com,
rygjsh.com,
ronpan.com,广州融泮门业有限公司,企业,粤ICP备17166291号-1,广州融泮门业有限公司官方网站,www.ronpan.com,2017-12-29 10:21:40,否
512job.com,
jsyjtyn.com,
zgfx56.com,河南发祥货运有限公司,企业,豫ICP备17039569号-1,河南发祥货运有限公司,www.zgfx56.com,2017-09-28 11:41:02,否
hbsrjcfj.com,
zgmeika.com,
trisunstrong.com,
Lemads.com,
zydLkj.com,
shquanyi.cn,
wpLfan.com,
4hu89.com,
gxxbsf.com,广西雪博士制冷设备有限公司,企业,桂ICP备18002922号-1,广西雪博士制冷设备有限公司,www.gxxbsf.com,2018-04-10 09:30:45,否
ntzhongjie.com,
yopindu.com,
zsxr.cn,中山市昕润机械设备有限公司,企业,粤ICP备11102009号-1,中山市昕润机械设备有限公司,www.zsxr.cn,2018-07-27 17:17:49,否
zhuoLi008.com,巩义卓立机械制造有限公司,企业,豫ICP备12014472号-9,巩义卓立机械制造有限公司,www.zhuoli008.com,2017-06-26 12:12:28,否
ysome.cn,
jiuguhg.cn,
xieyihuashi.com,
s-bLue.com.cn,
93ct.com,
wanLi88.com.cn,福建万里发发商业发展有限公司,企业,闽ICP备15021219号-1,万里发发综合云商,www.wanli88.com.cn,2019-11-19 16:42:26,否
fiate.com.cn,
gazxqcz.com,
jsshhs.com,江苏晟航海事服务有限公司,企业,苏ICP备18015528号-1,江苏晟航海事服务有限公司,www.jsshhs.com,2018-03-29 09:58:00,否
shengpengLvxin.com,固安县盛鹏滤清器厂,企业,冀ICP备15006562号-3,固安县盛鹏滤清器厂,www.shengpenglvxin.com,2020-08-06 11:10:03,否
zjjcbz.com,
hbdou.com,
cdstczy.com,
hnyLds.com,
hbthsg.com,河北腾海水利机械有限公司,企业,冀ICP备19021501号-1,河北腾海水利机械有限公司,www.hbthsg.com,2019-07-19 09:18:23,否
b617.com,
hyppcL.cn,东莞市鸿誉塑胶制品有限公司,企业,粤ICP备17040696号-1,东莞市鸿誉塑胶制品有限公司,www.hyppcl.cn,2017-04-12 09:02:35,否
szmydc.com,绥中鸣宇房地产开发有限公司,企业,辽ICP备15009255号-1,绥中鸣宇房地产开发有限公司,www.szmyfdc.com,2018-01-03 11:09:33,否
jnzszxgs.com,
hxemj.com,
szwenwen.com,
yingyan-yy.com,
shengyeyb.com,
fareastschooL.net,
kzyxchina.com,
szzh120.com,
zqscmaLL.com,
bjzkyun.com,
cchuoLongguo.com,
bjzzLh.com,
yizhan56.com,
zjjdacheng.cn,李红兵,个人,湘ICP备07500639号-3,大成,www.zjjdacheng.cn,2020-05-21 09:20:03,否
yasongzs.com,
jshenghuadL.com,
qhwyzc.com,
jmw517.com,
zzakd.com,郑州艾卡迪重工机械设备有限公司,企业,豫ICP备17004253号-1,郑州艾卡迪重工机械设备有限公司,www.zzakd.com,2017-02-10 08:34:50,否
jshwzg.cn,
yxqxjx.com,
asianhiLL.cn,
bj-jmwy.com,
szruishida.com,
xmhtm.com,
jqs0086.com,
baofengsujiao.com,
99kangguomin.com,
caiyuan66.com,南京彩元文化传媒有限公司,企业,苏ICP备18017107号-1,彩元传媒官网,www.caiyuan66.com,2020-04-29 15:41:54,否
sxzbjzLw.com,陕西志博建筑劳务有限公司,企业,陕ICP备18003364号-1,陕西志博建筑劳务有限公司,www.sxzbjzlw.com,2018-03-14 09:27:15,否
hbzjc.net,
ruithb.com,
hoteL198.cn,
huakecz.cn,溧阳华科机械有限公司,企业,苏ICP备13019040号-2,溧阳华科机械有限公司,www.huakecz.cn,2017-10-13 12:08:03,否
bLd-space.com,
LnLytzb.cn,辽阳市特种泵制造厂,企业,辽ICP备11004615号-1,辽阳市特种泵制造厂,www.lnlytzb.cn,2019-01-16 14:38:51,否
zimao56.com,
bddzi.com,
wfhongdabLg.com,
chenLianbo.com,
newchiLdhoon.com,滨州市新童年游乐设备有限公司,企业,鲁ICP备18017403号-1,滨州市新童年游乐设备有限公司,www.newchildhoon.com,2018-04-24 08:48:08,否
zybwy.cn,宝鸡周原博物院,事业单位,陕ICP备19007740号-1,周原博物院,www.zhouyuanmuseum.com;www.zhouyuanmuseum.cn;www.zhouyuanmuseum.net;www.zybwy.cn,2019-04-22 09:11:29,否
nxjwjcompany.com,
hongtai7558688.com,安徽弘泰精密机械科技有限公司,企业,皖ICP备17014053号-1,安徽弘泰精密机械科技有限公司,www.hongtai7558688.com,2017-10-09 14:50:02,否
rLaky.net.cn,
dggechuang.com,东莞格创新材料科技有限公司,企业,粤ICP备18040626号-1,东莞格创新材料科技有限公司,www.dggechuang.com,2018-04-13 16:44:24,否
razorsharptech.com,
szaodesen.com,深圳市奥德森纸品有限公司,企业,粤ICP备18007525号-1,深圳市奥德森纸品有限公司官方网站,www.szaodesen.com,2018-01-18 11:32:20,否
hhcdsw.com,经济开发区驰达筛网经营部,企业,湘ICP备18007399号-1,经济开发区驰达筛网经营部,www.hhcdsw.com,2018-04-23 09:54:09,否
zzqiansong.com,
xuezhida.com,
scfrhg.com,
ystvu.com,
sydydy.com,
wtdzby.com,
zhgpwz.com,珠海光平物资回收有限公司,企业,粤ICP备18030678号-1,珠海光平物资回收有限公司,www.zhgpwz.com,2018-03-27 15:24:09,否
dxjsLy.com,
honestda.com,
sdLsr.com,
ztwy888.com,
Lysjjs.com,
smehz.com.cn,
yksyuncong.com,永康市云聪休闲用品有限公司,企业,浙ICP备16013464号-1,永康市云聪休闲用品有限公司,www.yksyuncong.com,2016-04-22 14:59:22,否
zhangyim.com,
hsjx198.com,
yutong999.com,徐州钰通建材科技发展有限公司,企业,苏ICP备17062548号-1,徐州钰通建材科技发展有限公司,www.yutong999.com,2017-10-23 14:33:04,否
shxkxLts.com,
aoweiuv.com,
e-mediadna.com,
rxmhbook.com,
ntbarrister.com,
scctxjx.com,
jiufangwire.com,
riten-Lease.com,
cqjiameiwz.com,
zmsjwood.com,湖州琢木木业有限公司,企业,浙ICP备16009766号-1,湖州琢木木业有限公司,www.zmsjwood.com,2018-09-26 14:55:44,否
baodayuanyi.cn,青州市宝达园艺经营部,企业,鲁ICP备14009138号-1,青州市宝达园艺经营部,www.baodayuanyi.cn,2020-09-14 14:54:28,否
momentillustrations.com,
sbsbfrp.com,河北晟邦环保设备有限公司,企业,冀ICP备17008642号-1,河北晟邦环保设备有限公司,www.sbsbfrp.com,2018-01-23 14:08:19,否
jkodq.com,
wwweccousa.com,
shijinqiart.com,
a-dreamsys.com,河南德希美米尔建材有限公司,企业,豫ICP备18015708号-1,梦之凡石英石,www.a-dreamsys.com,2020-03-31 14:07:00,否
dLhxhc.com,红旭水产品（大连）有限公司,企业,辽ICP备19000815号-1,红旭水产品（大连）有限公司,www.dlhxhc.com,2019-01-15 14:20:49,否
Longzhiyintea.com,
yiLiuhange.com,
dsmzws.com,
cyts99661.com,
tahx.net,泰安浩翔塑料制品有限公司,企业,鲁ICP备12002143号-1,泰安浩翔塑料制品有限公司,www.tahx.net,2012-01-18 09:16:21,否
ahtianjingshan.com,无为县周家大山国有林场（天井山国家森林公园）,事业单位,皖ICP备19005571号-1,天井山森林公园,www.ahtianjingshan.com,2019-04-08 10:56:56,否
ncbstjz.com,南昌百斯特代理记账有限公司,企业,赣ICP备18003343号-1,南昌百斯特代理记账有限公司,www.ncbstjz.com,2018-03-22 10:35:22,否
wxgLfj.cn,维西公路分局,事业单位,滇ICP备18009115号-1,维西公路分局,www.wxglfj.cn,2018-10-24 14:53:46,否
wyprint.cn,
Lcxkrf.com,聊城瑞发电动汽车配件有限公司,企业,鲁ICP备16044473号-1,聊城瑞发电动汽车配件有限公司,www.lcxkrf.com;www.ddczcq.com,2016-11-28 10:14:42,否
hebeijinwen.com,
ouyabc.com,莆田市欧雅大仟艺术有限公司,企业,闽ICP备13003702号-1,欧雅大仟,www.ouyabc.com,2015-11-05 16:13:07,否
hzwsbz.com,
aqcyznkj.com,
njzyfh.com,
onLine-editor.net,
gLyxxd.com,
yjt88.cn,
emodues.com.cn,广州市动态服装有限公司,企业,粤ICP备16020335号-2,广州市动态服装有限公司,www.emodues.com.cn,2016-03-16 17:35:29,否
bizcnbj.com,
xiusijt.com,西安绣丝钱程企业管理咨询集团有限公司,企业,陕ICP备19019868号-1,西安绣丝钱程企业管理咨询集团有限公司,www.xiusijt.com,2020-09-01 15:54:05,否
Lyzsba.com,
jinchuangfruits.cn,蓬莱金创果蔬保鲜有限公司,企业,鲁ICP备16025694号-1,蓬莱金创果蔬保鲜有限公司,www.jinchuangfruits.cn,2016-07-14 10:36:55,否
sxjiatianxia.com,陕西家天下实业有限公司,企业,陕ICP备18005601号-1,陕西家天下实业有限公司,www.sxjiatianxia.com,2018-04-13 08:22:57,否
huishouwang86.com,北京玉东昌盛再生资源回收有限公司,企业,京ICP备17072831号-1,北京玉东昌盛再生资源回收有限公司,www.huishouwang86.com,2018-12-20 09:06:54,否
xianxuhong.net,
mycookingessentiaLs.com,
kr3j.cn,
aucma-bj.com,
mmxjd.com,
tessrhea.com,
qhjsyzL.com,
baoan98.com,
ytdryq.com,
thkm.com.cn,
sh-chaoya.com,
guanfangchan.cn,
zsxinteng.com,
zjgtLLxj.com,
hbdunwang.com,河北盾王防火技术有限公司,企业,冀ICP备18006560号-1,河北盾王防火技术有限公司,www.hbdunwang.com,2020-05-22 14:40:32,否
sjzgLwxsh.com,
newmarketingcn.com,
qdkemeitai.com,
xjbeer.com,
Lndzjx.com,
hbbusiniao.com,河北布思鸟文化发展有限公司,企业,冀ICP备17035443号-1,河北布思鸟文化发展有限公司,www.hbbusiniao.com,2017-12-19 16:42:20,否
baitaoxuan.com,
cotimeups.com,时高电源（湖南）有限公司,企业,湘ICP备14010087号-2,时高电源（湖南）有限公司,www.cotimeups.com,2019-10-18 16:14:25,否
zhaoyangsupin.com,
schxsm.cn,四川鸿熙商贸有限责任公司,企业,蜀ICP备15004559号-1,四川鸿熙商贸有限公司,www.schxsm.cn,2015-02-11 15:18:17,否
sqbxpb.com,
bikangde.net,
oesun.com,
pjbohui.com,浦江县博辉水晶工艺品有限公司,企业,浙ICP备17010620号-1,浦江县博辉水晶工艺品有限公司,www.pjbohui.com,2017-03-22 16:34:05,否
schnini.com,
ykdzjd.com,
xg-wj.cn,
zzLcqm.com,株洲市荷塘区利成气模厂,企业,湘ICP备17003736号-1,株洲市荷塘区利成气模厂,www.zzlcqm.com,2017-03-13 16:29:08,否
yekehuoxingtan.com,
xiLimi99.com,
youngsun-ptfe.com,
nntangmi.com,
shishishunLi.com,
whbjL.cn,荣成市百佳乐玫瑰种植有限公司,企业,鲁ICP备16010319号-1,荣成市百佳乐玫瑰种植有限公司,www.whbjl.cn,2016-06-30 10:42:05,否
hbxiangwen.com,
baoLaisi.com,
yxtsyw.com,
zhenqijixie.cn,山东振淇机械股份有限公司,企业,鲁ICP备14002786号-1,山东振淇机械股份有限公司,www.zhenqijixie.cn,2014-02-08 09:28:47,否
zoo-coffee.cn,
tianxinkj.cn,
buyhighendaudio.com,
tzmwjc.com,
wxdry.com,
Linfuda.com,
qdyuerui.com,青岛跃锐信息技术有限公司,企业,鲁ICP备18018643号-1,青岛跃锐信息技术有限公司,www.qdyuerui.com,2018-05-02 10:28:15,否
shanghai-vps.com,
vi0755.com,
runchengzhen.com,
garden-china.com,
yiruidsLx.com,
kawost.com,弥渡卡沃电脑经营部,企业,滇ICP备16007721号-1,卡沃科技,www.kawost.com,2016-10-27 09:17:34,否
sdwLxny.com,
tjtaotong.com,
zjchengda.com,
mingxinjiaju168.com,
dLxinbao.cn,
woLifu.com,
sfyfxx.com,
cswcpg.com,
njkyjc.com,
zahiso.com,四川心飞翔认证咨询有限公司,企业,蜀ICP备14003387号-2,四川心飞翔认证咨询有限公司,www.zahiso.com,2020-08-12 18:44:40,否
shhyst.com,
sz-zsyj.com,
fengtaoLawyer.com,
huojia998.com,
dzweaLth.com.cn,
tiancibaby.com,
jxjianyuan.com,
zjkakang.com,浙江卡康管业科技有限公司,企业,浙ICP备17018721号-1,浙江卡康管业科技有限公司,www.zjkakang.com,2017-05-09 15:15:03,否
aibeder.com,
szsszz.com,
cvg-cn.com,
benjia360.cn,
zjhf6.com,
naiLoops.com,
taidisi.com,
hbbtaw.com,
meitinggarden.com,河南美庭园艺设计有限公司,企业,豫ICP备18006226号-1,河南美庭园艺设计有限公司,www.meitinggarden.com,2018-02-22 10:43:36,否
jd.com,北京京东叁佰陆拾度电子商务有限公司,企业,京ICP备11041704号-3,京东商城;京东多媒体网,www.360buy.com,2021-07-23 08:37:09,否
jhyjswL.com,四川金洪源金属网栏制造有限公司,企业,蜀ICP备10024719号-1,四川金洪源金属网栏制造有限公司,www.scjinhongyuan.com<br>www.jhyjswl.com<br>www.jhyhul.com,2018-03-20 09:18:29,否
yushengjd.cn,北京豫盛机电安装有限公司,企业,京ICP备16013502号-1,北京豫盛机电安装有限公司,www.yushengjd.cn,2016-03-24 10:36:14,否
kmjstx.com,
china-huahai.com,
hbdyrb.com,南皮县宝熙水冷空调经销部,企业,冀ICP备19021423号-1,南皮县宝熙水冷空调经销部,www.hbdyrb.com,2019-07-18 15:22:33,否
fhznm.com,
Lihaopower-cn.com,
chinazhuoyan.cn,
999mr.com,
xxajjc.com,
wh-myspace.com,
dainL.com,
zydzhL.com,山东之源互联电子科技有限公司,企业,鲁ICP备18019561号-1,山东之源互联电子科技有限公司,www.zydzhl.com,2019-06-06 15:11:12,否
cztztbg.com,
sjzfrd.com,石家庄孚瑞德磨具有限公司,企业,冀ICP备16023081号-1,石家庄孚瑞德磨具有限公司,www.sjzfrd.com,2016-10-13 09:19:07,否
gzgszhuce.com,赣州领羊财务管理咨询有限公司,企业,赣ICP备17000923号-1,赣州领羊财务管理咨询有限公司,www.gzgszhuce.com,2017-01-18 11:21:33,否
ivt-tech.com,
bjsxsh.cn,北京盛祥尚弘文化传媒有限公司,企业,京ICP备18061023号-1,北京盛祥尚弘文化传媒有限公司,www.bjsxsh.cn,2018-12-07 10:51:37,否
cqgxxc.com,重庆国玺新型建材有限公司,企业,渝ICP备18004991号-1,重庆国玺新型建材有限公司,www.cqgxxc.com,2018-04-25 09:46:06,否
gaswqy.com,
asuntmachine.com,
huaxuyunshu.com,
sktjkzc.com,
mgmj8dh1.cn,
zb-jxsb.com,
comboyu.com,
zbdydz.com,
zjyibiao.com,
jthires.com,
ydmmr.com,
yishengoffice.com,
fujinggongguan.cn,中山市三宝房地产有限公司,企业,粤ICP备17137694号-1,中山市三宝房地产有限公司,www.fujinggongguan.cn,2017-11-01 14:24:06,否
yz-Lxs.com,
scgp.com.cn,
feishikuang.net,
fjtextiLe.com,
dqsyhz.com,
ahnxss.com,安徽楠鑫刷丝有限公司,企业,皖ICP备13001321号-1,安徽楠鑫刷丝有限公司,www.ahnxss.com,2019-08-12 16:04:54,否
Lyra-bride.com,
xaandroid.cn,北京翡翠教育科技集团有限公司,企业,京ICP备12036804号-18,北京翡翠教育科技有限公司,www.zhuoxinsichuang.cn,2020-04-14 15:47:34,否
tjqianhan.com,
szgjzp.com,
07ywd.com,
1797wm.com,
Lycishan.com,
jmLsgs.com,衡东佳美绿色果蔬有限公司,企业,湘ICP备18007114号-1,衡东佳美绿色果蔬有限公司,www.jmlsgs.com,2018-04-19 09:40:30,否
aoneaLLoy.com,
kLeyeee.com,安仁县康利鹅业有限公司,企业,湘ICP备18000830号-1,安仁县康利鹅业有限公司,www.kleyeee.com,2018-01-17 16:16:26,否
m239.com,
nxmdhb.com,
ygd-tech.com,
bjgfcL.cn,
cooLList.cn,
roness.cn,
tuozhan100.com,
fLowresources.com.cn,远大生水资源有限公司,企业,浙ICP备15010182号-1,远大生水资源有限公司,www.flowresources.com.cn,2019-10-15 14:51:06,否
bangtianwj.com,
saludpsicosexual.com,
Lyg-hLnyjx.com,
nfwindows.com,沈阳市兴永顺门窗厂,企业,辽ICP备18005898号-2,南风系统门窗,www.nfwindows.com,2019-06-14 13:03:50,否
szszky.com,
meiyoLight.com,
csnhbwcL.com,
nbhaixuehui.com,
shenyuhb.cn,
shixingLong.com,
njkeninghenuan.cn,
Lysfhw.com,
czrz.com.cn,
cqyirong.cn,
ykw678.com,江西省易考网文化发展有限公司,企业,赣ICP备17003518号-1,江西省易考网文化发展有限公司,www.ykw678.com,2020-04-26 15:13:39,否
zgbtzs.com,
hzjianjing.com,
bLnbj.com,
derecom.net,
jsmyqy.com,
kaidingLaw.com,
jmsdmny.com,
qystff.com,
cdjLtjc.com,
jsygbwg88.com,
qdmLzh.com,
Lanqiuchangweiwang.net,
czqhzs.com,
unisuntom.net,
tomzn.cn,浙江同正电气有限公司,企业,浙ICP备15042513号-1,浙江同正电气有限公司,www.tomzn.com,2019-09-11 10:20:30,否
gzszyggc.net,
gzkeya.cn,广州市科雅教具有限公司,企业,粤ICP备11007876号-2,广州市科雅教具有限公司,www.gzkeya.cn,2020-06-10 11:29:28,否
nobLewatchs.com,东莞市诺柏钟表有限公司,企业,粤ICP备17117855号-1,东莞市诺柏钟表有限公司,www.noblewatchs.com,2018-01-19 10:55:08,否
cdyfyjj.com,
bzhongxindL.com,
iseuLbeauty.com,锦奈化妆品（上海）有限公司,企业,沪ICP备15021863号-3,锦奈化妆品（上海）有限公司,www.iseulbeauty.cn,2019-05-09 09:00:11,否
bthaishuo.com,泊头市海硕联轴器有限公司,企业,冀ICP备18010672号-1,泊头市海硕联轴器有限公司,www.bthaishuo.com,2020-02-06 13:48:50,否
ahguodian.com,
xxxinya.com,
yuanhehe.com,唐山元合和装饰有限公司,企业,冀ICP备17031328号-1,唐山元合和装饰有限公司,www.yuanhehe.com,2017-10-31 13:43:26,否
ccbsnhj.com,
dr-Lens.com,
hrbweiheng.cn,
szdxkdb.com,
weijia18.com,
wnfsz.cn,渭南市临渭区中医医院,事业单位,陕ICP备17008544号-1,渭南市临渭区中医医院,www.wnfsz.cn,2017-10-16 09:43:39,否
foshanLvshi.com,
hbpufeng.com,河北普丰玻璃钢有限公司,企业,冀ICP备17003960号-1,河北普丰玻璃钢有限公司,www.hbpufeng.com,2017-01-25 10:25:59,否
sxjdcy.com,山西金都臻味餐饮管理有限公司,企业,晋ICP备16000113号-1,山西金都臻味餐饮管理有限公司,www.sxjdcy.com,2016-01-07 15:18:04,否
quasarvip.com,西安风禾装饰工程有限公司,企业,陕ICP备18015723号-1,西安风禾装饰工程有限公司,www.quasarvip.com;www.quasar.vip,2019-02-18 08:36:16,否
33221144.com,
bzyyxh.com,
idcLook.cn,顾深伟,个人,豫ICP备09022799号-1,顾深伟个人工作博客,idclook.cn,2009-07-14 00:00:00,否
tbpay.com.cn,乌鲁木齐通邦网络科技有限公司,企业,新ICP备17000301号-1,新疆通邦商务有限公司,http://www.7878000.com,2020-04-22 17:54:59,否
gzneworLd.com,
juxingfeed.com,重庆聚星饲料有限公司,企业,渝ICP备14001049号-1,重庆聚星饲料有限公司,www.juxingfeed.com,2019-08-30 16:02:40,否
sh-ditu.com,
shenzhouhuayu.cn,北京神州华宇科技有限公司,企业,京ICP备12020161号-18,北京神州华宇科技有限公司,www.shenzhouhuayu.com,2019-11-18 09:29:42,否
qs-Lc.net,
shzds.com,
bjwiLo.cn,北京进一热能设备有限公司,企业,京ICP备14032294号-2,北京进一热能设备有限公司,www.bjwilo.cn,2020-12-14 10:28:05,否
csscjgc.com,
baojifxbj.com,
szzxg.cn,
yth7.cn,
shLinso.com,
LyLgj.com,
yuzhu-hz.com,
zyhb6666.com,西安智勇环保科技有限公司,企业,陕ICP备17006486号-1,西安智勇环保科技有限公司,www.zyhb6666.com,2017-04-17 09:05:16,否
zbsanxin.com,
hedecon.com,
jswtjx.com,
njoxykm.com,
sjyhkf.com,新华区启智传统中医康复门诊部,企业,冀ICP备12020570号-4,新华区启智传统中医康复门诊部,www.sjyhkf.com,2020-01-09 09:32:14,否
