域名,收录数量,是否中文,标题-1,url,排名,标题-2,url,排名
516ashdale.com,6,是,
paramountprotec.com,4,是,
hdwallpapersday.com,4,是,
ak47tube.com,5,是,
yourresumelady.com,2,是,
poigrayka.com,1,是,
carlhenryhousing.com,1,否,
hotelspurchasing.com,4,是,
seushare.com,3,是,
magichaschanged.com,2,是,
keralamhoney.com,3,是,
aletihadrentacar.com,1,是,
alphamobilediscos.com,2,是,
vrworldgallery.com,4,是,
bilbaobarri.com,1,是,
faster-solution.com,2,是,
royalwaxsalon.com,6,是,
grosirbarangantik.com,5,是,
informleaders.com,3,是,
lihuaban.com,1,是,
redbluecreative.com,5,是,
rebuildfukushima.com,1,是,
princesscruisespr.com,2,是,
ncjcdn.com,1,否,
pariwisatakubsi.com,3,是,
keryshopping.com,3,是,
station-group.com,2,是,
ostimkamera.com,2,是,
projectdadfilm.com,1,是,
readymanpills.com,2,是,
bettelife.com,1,是,
3jzq.com,2,是,
allianceandfrontier.com,1,是,
ruthandjimby.com,1,是,
3rcottagemunnar.com,1,是,
cook-my-catch.com,5,是,
costadelsoldfas.com,1,是,
timothyjeffreys.com,1,是,
atouchingcards.com,4,是,
aidoutor.com,3,是,
267883.com,1,是,
quebecjemesouviens.com,5,否,
ranchidoctor.com,3,是,
rwnk8.com,4,是,
onlinebsndegree.com,2,是,
cpaneljapan.com,1,是,
crappieattitude.com,2,是,
plumblevel-plc.com,1,是,
stfrancisofficepark.com,2,是,
fenderclassic.com,3,是,
merhamet2.com,1,是,
fund2home.com,1,是,
stellatravelsecure.com,1,是,
extremetravelcritics.com,1,是,
thecookingmodels.com,3,是,
linytits.com,1,是,
ingemodiste.com,2,是,
getbacklinksfromme.com,2,是,
goldjewellerbuyer.com,1,是,
zonekaset.com,1,是,
seslilerdeyiz.com,1,否,seslilerdeyiz.com-聚米城聚好米,seslilerdeyiz.com/,0,
bluesky-az.com,1,是,
carpediemseaangling.com,1,是,
shayumedia.com,1,否,
a2qi.com,2,是,
comeflyawaywithme.com,1,是,
vaxxedcaregiver.com,5,是,
audiovisualjunkie.com,2,是,
genitalpilz.com,2,是,
newhandtool.com,1,是,
weisgerber4loveland.com,3,是,
the-npl.com,3,否,
arpeu.com,1,是,丹阳市泄计否匹酒店装修设计,www.arpeu.com/,0,
nievaadentro.com,1,是,
mclegalservice.com,2,是,
wecansleeptomorrow.com,5,是,
dallashopeweekend.com,1,是,
gayzipper.com,2,是,
shopping-de.com,1,是,
qmoodle.com,2,是,
skirtle.com,1,是,皇秘邸机械制造有限公司_竞脚后电气股份有限公司_仓曦不锈...,www.skirtle.com/,0,
exxxploit.com,1,是,
sodacreeklodge.com,1,是,三分赛车工程有限公司,www.sodacreeklodge.com/,0,
warmcfl.com,2,是,
bietthu5sao.com,1,否,
monkeym8.com,2,是,
copperelectra.com,2,是,
angelamatsuoka.com,4,是,
etyopia.com,2,是,
shobik.com,1,是,
project52smiles.com,2,是,
bostonbrawlers.com,2,是,
gallerytiledesign.com,2,是,
vellmatic.com,1,是,
agicash.com,1,是,
bedwascomputers.com,1,是,
pwmkr.com,2,是,
enolem.com,1,否,Welcome to tengine!,www.enolem.com/,0,
skzon.com,2,是,
swift50.com,1,是,
roessinkhydro.com,1,是,
cari-uang.com,3,是,
jiiis.com,3,是,
michelyngalleries.com,2,是,
weiweidp.com,3,是,
robbginn.com,4,是,
kormushki.com,1,是,
ttlylc2.com,1,否,
chaowoz.com,1,是,
msnom.com,1,是,
data-love.com,1,是,
forcim.com,1,是,
happilythereafter.com,1,是,艟穹毛刷加工厂_斗菊椒服饰公司_望胎忧箱包有限公司,www.happilythereafter.com/,0,
daisynhatranghotel.com,1,否,daisynhatranghotel.com-聚米城聚好米,www.daisynhatranghotel.com/,0,
raggdolldesigns.com,1,是,
czdongtu.com,3,是,
gn-ojob.com,2,是,
rozowaszafa.com,1,是,
bockzd.com,1,是,
crm-kot.com,1,是,
abcsupplyi.com,1,是,
tbr888.com,1,否,tbr888.com-连续中英文历史收录路上-聚米城聚好米,tbr888.com/,0,
wow-netiq.com,1,是,
ashklh.com,1,是,
deltaechointeractive.com,1,否,deltaechointeractive.com-连续中英文历史收录路上-聚米城...,www.deltaechointeractive.com/,0,
new2city.com,1,是,纽库家居用品厂_畜胎仪器仪表设备有限公司_筝胤舜丝纺织有...,new2city.com/,0,
itechee.com,3,是,
chanhonda.com,1,是,
alquiobras.com,2,是,
opposcope.com,1,是,
crystalballpaul.com,1,是,
creativebuu.com,5,是,
gpxme.com,2,是,
erjch2017.com,1,是,
sarinabeachbb.com,1,是,
directdogcare.com,2,是,
cedarhill-homes.com,1,是,
figguides.com,1,是,
2eink.com,1,是,
lupusgone.com,5,是,
rcammauf.com,1,是,
yqjkjs.com,1,是,
emicef.com,2,是,
yogaforfatloss.com,6,是,
dqczwhgy.com,1,是,
livinginahumansuit.com,1,否,
isknownow.com,4,是,
personalmanaus.com,1,是,
clearmindsfamilycenter.com,1,是,
308298.com,1,是,
gebzeemlakinsaat.com,2,是,
tv-bang.com,4,是,
venagame.com,3,是,
etachy.com,2,是,
tlfzcjs.com,1,是,
kshgdx.com,1,是,
laadsmagazine.com,1,是,
xoomdeals.com,3,否,Default page,www.xoomdeals.com/,0,
starsofthetrack.com,1,是,
slmuss.com,2,是,
lalunalotus.com,2,是,
iskconallahabad.com,1,是,合作市圆太钢结构有限公司,iskconallahabad.com/,0,
techpakweb.com,1,是,
ccmjiang.com,1,是,盾集捡漏清单-汇集全网隐藏折扣|每天一折疯抢!,ccmjiang.com/,0,
printmepersonal.com,1,是,
kuenhotelconsultancy.com,1,是,个旧纸业公司,kuenhotelconsultancy.com/,0,
melbournejazzjammers.com,1,否,www.melbournejazzjammers.com/,www.melbournejazzjammers.com/,0,
mriant.com,4,是,
mp3muzikdinle.com,1,是,
citynw.com,1,是,
myznmu.com,1,是,
zbklxw.com,1,是,
tandcia.com,1,是,泉州饰连抒糜铝合金焊丝厂,tandcia.com/,0,
progress12.com,4,是,
relichek.com,1,是,
jingsen88.com,4,是,
dabatay.com,1,是,
hnczjnkl.com,1,是,
violides.com,1,是,
africanstyleguide.com,4,是,
njsyta.com,1,是,
hfmus1.com,1,是,
wlcbfkhg.com,1,是,
themountainshala.com,2,是,
wealsite.com,1,是,
ultrasonic-china.com,1,是,
mbintang.com,1,是,一分快3(上海)有限公司,mbintang.com/,0,
jzmuwr.com,2,是,
xzyjmu.com,1,是,
qqhejsdb.com,1,是,
mmjsfg.com,1,是,
ccjskh.com,1,是,
kzlskekzwhg.com,1,是,
hebmubc.com,1,是,
sporxmarket.com,1,是,
hkzhgt.com,1,是,
bdyzjs.com,2,是,
aura5515.com,1,是,
sp-17.com,1,否,
i10media.com,1,是,欧冠联赛万博app23.0_欧冠赛程万博b_欧冠赛事f万博,i10media.com/,0,
dqklya.com,1,是,
doulaolao.com,2,是,域名管理_域名展示_域名投资_域名出售-米表网,doulaolao.com/,0,
eiaasen.com,1,是,
ybathg.com,1,是,
rockstarcycles.com,1,是,
rr0763.com,2,否,
jnhgps.com,1,是,
byneklgr.com,1,是,
schillinggallery.com,7,是,
jakewiseman.com,2,是,
blueislandrecords.com,2,是,
popularityweb.com,1,是,
phytocare-korea.com,1,是,
cycsmu.com,1,是,
tcchmu.com,1,是,
twbmi.com,2,否,玉溪卌发贤有限公司,www.twbmi.com/,0,
ktcbx.com,2,是,
fb075.com,1,是,
ksnfkl.com,3,否,
fundsriches.com,1,是,
banghehb.com,2,是,
lnjszt.com,2,是,
967254.com,1,是,河北安国市硫币瑰备卧式加工中心,967254.com/,0,
gmcsmallgroups.com,1,是,
ipexindonesia.com,1,是,
kfqfhg.com,1,是,
blxxyp.com,4,是,
indoorhydrosystem.com,5,是,
fallscreekaussies.com,2,是,
720-hd.com,3,是,
swhtjs.com,1,是,
kgbswing.com,1,是,
porno80.com,1,是,
puetovallarta.com,2,是,
asianfuckfriends.com,1,是,
weather-cock.com,2,是,
mirabelle-amagney.com,1,是,
makbilgisayar.com,1,是,
gulkonyapidesalonu.com,1,是,
cywbmu.com,2,是,
agentsinnewberlin.com,1,是,
route66rollerdome.com,2,是,
rzdbmu.com,1,否,
multiplex-kino.com,1,是,
hotyogabellevue.com,1,是,
christchurchnow.com,1,是,
themortuarypodcast.com,1,否,
oceanrave.com,1,是,
alamidiet.com,2,是,
blowjobbook.com,2,是,
1974gto.com,1,是,宏艺灯箱公司,1974gto.com/,0,
dqhgfj.com,1,是,
blowjobsexvideos.com,1,是,
dailijizhangfuwu.com,6,是,
com-ruu.com,1,是,
fleursfood.com,1,是,
esenoglu.com,1,是,
tel-recording.com,1,是,爱尚小说网-无弹窗广告绿色免费小说阅读网,www.tel-recording.com/,0,
canlipornofilm.com,2,是,
pornlxxx.com,1,是,
williamstoll.com,2,是,
zjkhgwn.com,1,是,
adultfucktoys.com,1,是,
abczqzznjs.com,1,是,
xysskl.com,1,是,
asaadalhashimi.com,1,是,
brianhassel.com,2,是,
lwcgs.com,2,否,3分六合(上海)有限公司,lwcgs.com/,0,
netstar-tech.com,1,是,
leonardideas.com,1,是,
bboombe.com,2,是,
snwjss.com,20,是,
bestkeysdeals.com,1,是,
thehairdoroom.com,3,是,
qdnmzdzmuij.com,1,是,
heartoftheopen.com,2,是,
zqtbhg.com,1,是,
jajsmm.com,1,是,
oasisplantrentals.com,1,是,
kishansondagar.com,1,是,
zbccjs.com,1,是,
hondasr.com,1,是,山东省潍坊市昌乐县匙鹃赠深家政服务有限公司,hondasr.com/,0,
hlbeklkm.com,4,是,
heavenleacakes.com,1,否,Survey-smiles.com,heavenleacakes.com/,0,
alamanshori.com,1,是,
chinacdjy.com,2,是,
glmphg.com,1,否,
5stardatarecover.com,1,是,
xxtjzmzcbhg.com,2,是,
vipvs611.com,3,是,
ytklar.com,2,是,
ksthgj.com,1,是,
littletonmint.com,1,是,
okigirl.com,1,是,
bridesbydaks.com,1,是,
hotel-northsea.com,1,是,
balinesefineart.com,1,是,成都伟航创达科技有限责任公司,www.balinesefineart.com/,0,
gracebayproperty.com,1,是,
wvbaseballschool.com,2,是,淄博索熠文化传播网,wvbaseballschool.com/,0,
wichitaaztecs.com,1,否,Survey-smiles.com,wichitaaztecs.com/,0,
njlszjsqc.com,1,是,
actionroundup.com,1,是,
tinkersislandfish.com,2,是,
maad-gurus.com,1,是,
quickdownlinebuilder.com,1,是,
portlandloangroup.com,1,是,
onlinemycare.com,7,是,
traderwicks.com,2,是,
kredicikarilir.com,1,是,
ybcxzshmu.com,1,否,
hnlklp.com,1,否,
zzkhgc.com,1,否,
acropolistampa.com,1,是,
junctiontrailblazers.com,2,是,河北省廊坊市三河市池嗽式食品调料有限责任公司,junctiontrailblazers.com/,0,
huntingdomain.com,1,否,huntingdomain.com-连续中英文历史收录路上-聚米城聚好米,huntingdomain.com/,0,
headlinescurrent.com,3,是,
qnbyzmzpwmu.com,4,是,
csmsoledad.com,3,是,富达平台登录,www.csmsoledad.com/,0,
icebw.com,1,是,
bluemixdesign.com,1,是,
xxjdkl.com,1,是,
qqxuan5.com,1,是,建设中 - 景睿技术为您的服务器提供动力!,qqxuan5.com/,0,
jcxjsb.com,2,是,
qianyi123.com,44,是,
813792.com,1,是,域名到期-域名续费提醒,www.813792.com/,0,
board26.com,1,是,
xvideosdemaduras.com,1,否,xvideosdemaduras.com-搜狗收录-聚米城聚好米,xvideosdemaduras.com/,0,
youngjin21.com,3,是,
xaxchg.com,1,否,
52cyz.com,1,是,巨浪软水机公司,www.52cyz.com/,0,
psweeney49.com,1,是,
fellow-workers.com,1,是,
hkjswb.com,7,是,
sqkqjs.com,1,是,
2americancoindayton.com,1,是,
hebhgyr.com,1,否,
ldajsy.com,1,是,
legendemode.com,1,是,
grupocarbono.com,1,是,
moulinred.com,1,是,东莞航士奉高泵阀制造有限公司,moulinred.com/,6,
raversnation.com,2,是,
ozziebar.com,1,是,
renatoborghetti.com,4,是,
stephenandjackie.com,1,是,
nerve-tonic.com,1,是,
agmour.com,2,是,
jqyhmu.com,1,是,
hsqkkl.com,4,是,
catalystfiredance.com,1,是,
joy12580.com,1,是,贵州铭臣展览服务有限公司,www.joy12580.com/,0,
interface-medias.com,3,是,
neo-neurotherapie.com,2,是,
centaurie.com,4,是,
tlfzzhg.com,1,是,
planetgameservers.com,1,是,
nasserprofessional.com,1,是,长春市双阳区扎桂美容美体养生有限公司,nasserprofessional.com/,0,
marredetremoche.com,9,是,
qiyascs.com,1,是,
tvririau.com,1,是,
dljsby.com,2,是,
valuekartadvisors.com,3,是,
tryingbuild.com,3,是,
eelrock.com,2,是,
oasis-movement.com,1,是,
espadatechsite.com,1,是,杭州市上城区水祠国际航运实业有限公司,www.espadatechsite.com/,0,
djtweekdallas.com,1,是,
pinottigiorgia.com,2,是,
protest-metal.com,5,是,
jdzmukl.com,1,是,
madisoneasthousehunter.com,1,是,
dljwjs.com,1,是,
skysailsafrica.com,1,是,
adisuperstarrea.com,1,是,
grandmapuccis.com,1,是,
kdbrosia.com,1,是,
applicationaccount.com,1,是,
lanternsonthetree.com,2,是,
krolakconsulting.com,1,是,
diarioyucatan.com,1,是,延边市汪清县贝殊数控机械有限责任公司,diarioyucatan.com/,0,
growingupgambills.com,3,是,
zktfjs.com,2,是,
myanmar-map.com,7,是,
fsgjgt168.com,5,是,
langheadventours.com,1,是,
kreative-muzik.com,1,是,
mymediacall.com,3,是,
wndamu.com,2,是,
mawpim.com,5,是,
detoxsurmesure.com,4,是,
daysinnkingcity.com,2,是,
sakaryamercanyapi.com,1,是,
countryzeb.com,1,是,
discodenewton.com,1,是,
bluevelvetsandiego.com,4,是,
alishaanrestro.com,1,是,
themandiets.com,2,是,
mfkgame.com,7,是,
nexusvalves.com,2,是,
bartinwebtasarim.com,1,是,
akbrand88.com,6,是,
casinopaladium.com,1,是,
square-art-design.com,2,是,
astrologicallyawake.com,1,是,
melismola.com,3,是,
politcs-prose.com,1,是,
ketquathudo.com,3,是,
buzzoply.com,1,是,
drills4tennis.com,1,是,
guanlianggongcheng.com,1,是,雨燕直播软件-官方下载,www.guanlianggongcheng.com/,0,
topamillion.com,1,是,脱裤吧下载导航,topamillion.com/,0,
a11acandheating.com,1,是,
northwesttitleutah.com,2,是,
meilijingxcl.com,1,否,KU体育|KU体育平台|KU体育官网APP下载,www.meilijingxcl.com/,0,
cp-medicallabo.com,2,是,
baby-dryingcare.com,1,是,
465eye.com,1,是,皇冠App下载-官网,www.465eye.com/,0,
huasheng18.com,1,是,环球体育|app下载,huasheng18.com/,0,
he1net.com,1,是,彩票竞彩app-官方推荐,he1net.com/,0,
auburnalabamaduiattorney.com,3,是,
lentes247.com,8,是,
hyosungauto.com,1,是,
adventure-activities.com,1,是,
lagartese.com,4,是,
bekincabinetshawaii.com,2,是,
clearwaterhometeam.com,1,是,
conventionofliberty.com,1,是,
bestlittlelawfirm.com,1,是,
blackbeachchair.com,1,是,
angkorsharedtours.com,1,是,
agentursonntag.com,1,是,
brandsportswear.com,2,是,
df-investments.com,1,是,
agroturystykaroztocze.com,1,是,
milliesmarketack.com,1,是,
5smartpaintinginc.com,1,是,
dominatrixdate.com,3,是,
jardinesandgardens.com,2,是,
alatcekkolesterol.com,1,是,
friendsoficjw.com,2,是,
adviceoncamping.com,2,是,
colombiabridal.com,1,是,
myfbwall.com,1,是,搜狗搜索引擎 - 上网从搜狗开始,myfbwall.com/,0,
affiliatechest.com,1,是,
budgetprintingco.com,2,是,大赢家,budgetprintingco.com/,0,
kinomonkey.com,1,是,
sukinaturals.com,2,是,
powayparcelinfo.com,2,是,
rabbitthetrainer.com,2,是,
hondamoto-perpignan.com,1,是,
abrisparfaitsmaroc.com,1,是,
darlenewyattcasting.com,1,是,
asiabalboaclassic.com,2,是,
cilingiratasehir.com,1,是,
cjawrestlingclub.com,1,是,
dominguezymarcos.com,2,是,
juswritecreative.com,1,是,
recetaspopcakes.com,1,是,
ilovemarketingcomo.com,1,是,
arredarelaxedintorni.com,2,是,
despedidasgoldenshow.com,2,是,
aquarianagebeganhere.com,1,是,
funnypickup-lines.com,1,是,
blackmountcapital.com,1,是,
reallygoodporn.com,1,是,
akademiogrenciyurdu.com,3,是,
barbossamarmaris.com,1,是,
insanfernandovalley.com,3,是,
xghgej.com,1,是,乐山亿永刃具有限公司,xghgej.com/,1,
cheaptextbooksforum.com,1,是,
qualite-management.com,1,是,
aandgheatingandairnm.com,3,是,
collegemonodgagny.com,3,是,
globepointer.com,2,是,
purehornygoatweed.com,1,是,
green-charm.com,1,是,
360socialcareconsultancy.com,2,是,
anthonykinsellaphotography.com,2,是,
advertising-mirror.com,1,是,
apartemen-harian.com,5,是,
concret-impress.com,1,是,
pickmails.com,1,是,
autoglasswoodbridge.com,3,是,
cristallidiluce.com,1,是,
breaddoughtogo.com,1,是,
viewperrysburghomes.com,1,是,
auroralandscapedesign.com,2,是,
ceadealcantarilla.com,1,是,
amazingdrivingschool.com,2,是,
chatlifecoaching.com,1,是,
capecodrealtyconsultant.com,1,是,
arawak-clothing.com,1,是,
ailordistribuidoriaso.com,1,是,
birthaffirmationsbook.com,2,是,
cindycontrerasmua.com,3,是,
thebugisonthecable.com,2,是,
clevacancespasdecalais.com,2,是,
blessindiaonline.com,4,是,
bestairplaneshirts.com,1,是,
kitchencabinetpac.com,1,是,搜狗搜索引擎 - 上网从搜狗开始,kitchencabinetpac.com/,0,
valcretlifesciences.com,1,是,
bartonsministorage.com,1,是,
carameraihkekayaan.com,1,是,
bonafidesaints.com,1,是,
sunrisebaitservice.com,1,是,
bukken-station-ginza.com,2,是,
ferrer-immobilier.com,1,否,ferrer-immobilier.com-德兴嘉福瓷砖工厂-,ferrer-immobilier.com/,1,
batt-man.com,1,否,Blackboard Learn,batt-man.com/,0,
eliasaf-portfolio.com,1,是,
campbelldukecampbell.com,1,是,
mariealexaclercq.com,1,是,
coffeenewsbeachsc.com,1,是,
affordabletowinggeelong.com,1,否,
donaldson-shop.com,1,是,
faustasyandana.com,2,是,
adminrecruiter.com,1,是,
asdconsultationtoolkit.com,2,是,
greetwesterbeek.com,1,是,
revistaensueno.com,1,是,
caucasiamedioambiente.com,2,是,
balneoduchateau.com,1,是,
julyrestaurant.com,4,是,
foodtruckholiday.com,1,是,
nackafloatcenter.com,1,是,
4oakvillerealestate.com,1,是,
lstianyi.com,1,是,凤彩网(集团)有限公司,lstianyi.com/,0,
geosconseil.com,1,是,搜狗搜索引擎 - 上网从搜狗开始,geosconseil.com/,0,
jwholmesmusic.com,5,是,
brickmasonmontgomery.com,1,是,
domperignonblackbox.com,3,是,
hoffmann2012.com,1,是,
minikdehalar.com,1,是,
inhansudung.com,1,是,绥滨县家政价格表,inhansudung.com/,0,
sublimatsesportiu.com,1,是,
lagardeniafloristas.com,2,是,
alliedpainrehab.com,2,是,
soularunderground.com,1,是,
asinglegirlshandbook.com,1,是,
asapasbestos.com,1,是,
nadideapart.com,1,是,
yigit-insaat.com,1,是,
australianbeachapartments.com,2,是,
frostedpineminis.com,2,是,
finellatherapies.com,2,是,
infokesehatanlengkap.com,1,是,
christophersandco.com,1,是,
designershoeslouboutins.com,1,是,
taspanelkaplamasi.com,1,是,
aarilifestyles.com,1,是,
brainerdselfstorage.com,1,是,
fly-star.com,1,是,大方县欣茂机械制造有限公司,fly-star.com/,0,
bluecranemusic.com,1,是,
dngl-hyogo.com,1,是,
compraaccesorios.com,3,是,
mutluinsanmutfagi.com,2,是,
chartingterritory.com,2,是,
cutiepiesbakingschool.com,1,是,
alquilarpisoencastellon.com,3,是,
allreddata.com,2,是,
jaesdistribution.com,2,是,
dynamic-quality.com,1,是,
childrenslibraryfurniture.com,1,是,
gayc69.com,1,是,
associazioneremedia.com,1,是,
calgaryrealestatehelp.com,1,是,
amazinglovecalculator.com,3,是,
dvdmasonry.com,1,是,
asspro-informatique.com,2,是,
abercrombiefitchfrence.com,1,是,
almeriaairsoft.com,1,是,
aerialintensity.com,1,是,
alexbuenooficial.com,1,是,
alexxiaecuador.com,1,是,
charpentier-funeraire.com,1,是,
jahorinaskijanje.com,1,是,
k-broker.com,1,是,
awakentoyourbody.com,1,是,
hotelsuizabolivia.com,1,是,
campodeouriqueprestige.com,1,是,
corporateallaround.com,1,是,
bluestockinglounge.com,3,是,
textpointcharlie.com,2,是,
rotareklamerzurum.com,1,是,
epkoiraklubi.com,1,是,
marinalopesblog.com,1,是,
jeffphotographie.com,2,是,
canadamotorallies.com,1,是,
graygoosetoo.com,1,是,
lfjsmx.com,1,是,
antonmorfay-hypnose.com,1,是,
cocina-bienestar.com,1,是,
xcjstw.com,1,是,
contactsfrancexport.com,1,是,
calderassalcorcaren.com,4,是,
clinicadentalmediterrani.com,3,是,
bjckkl.com,1,是,
americagrupost.com,1,是,
xgxmut.com,1,是,
brentwoodoaksapartments.com,2,是,
guardianhrsolutions.com,1,是,
alwaysrememberher.com,2,是,
gzhub0576.com,4,是,
bangosammilani.com,3,是,
bkreativedesigns.com,2,是,
lpgsitesi.com,3,是,
yfhhkl.com,1,是,
990790.com,2,是,
bpajapan.com,8,是,
kongwei87.com,2,是,
ncc1701uk.com,3,是,
amerika-welshcob.com,1,是,
poka-yoke-platform.com,2,是,
354465.com,1,是,
hq-import.com,2,是,
markvandermeulen.com,1,是,
rentweddingstuff.com,1,是,
skn73.com,3,是,
creekbottomphotography.com,1,是,
detrasdelapiel.com,1,是,
gigisboutique-nc.com,1,是,
zlgwt.com,1,是,
satpuran.com,2,是,
acupressuremumbai.com,5,是,
953236.com,4,是,
lcs-rohs.com,3,是,
sp-wear.com,5,是,
561841.com,5,是,
se1047.com,3,是,
lisaowang.com,2,是,靠谱外围买球网站-YB官网,www.lisaowang.com/,0,靠谱外围买球网站-YB官网,lisaowang.com/,0,
meetchristains.com,1,是,
666866ll.com,9,是,
jcwylsnu.com,1,是,
65gonglu.com,2,是,
afialinks.com,1,是,
ygaaw.com,3,是,
639191c.com,1,是,
sanke9.com,2,是,
dadtu.com,4,是,
lauraecampbell.com,3,是,
1667883.com,1,是,
superfastcarloans.com,1,是,
999kvkv.com,3,是,
gems-coc.com,4,是,
fundbox24.com,1,是,
zhjfmall.com,3,是,
benjaminjeroldadvisers.com,2,是,
master-cs.com,1,是,
elituan.com,3,是,
4943934.com,1,是,
880zw.com,2,是,
jybrl.com,1,是,
lz36zx.com,1,是,
cghrd.com,2,是,
luckytnt.com,1,是,
hhyulptk.com,2,是,
cormackfestivaltours.com,2,是,
darlagold.com,2,是,
blu123.com,12,是,
ncyeiq.com,3,是,
6334697.com,1,是,
yabo-030.com,2,是,
276641.com,4,是,
stujoy.com,2,是,
btwiresh.com,3,是,
tytyj520.com,1,是,
51fapaoji.com,3,是,
xbnice.com,3,是,
wlsydz.com,4,是,
shilu6.com,2,是,
myfastrepair.com,1,是,
cogic-jmt.com,7,是,
dealsinchennai.com,1,是,
zsdaikin.com,10,是,
geotrackerliftkit.com,1,是,
slrtq.com,1,是,
skongbao.com,4,是,
jonekings.com,4,是,
xzxxjd.com,7,是,
ecoquezon.com,1,是,
camping-belleroche.com,1,是,白城市制品有限公司,camping-belleroche.com/,0,
seshawang.com,3,是,
mfjas.com,8,是,
dobogen.com,3,是,
rxgnr.com,5,是,
hljstsys.com,1,是,
zmswood.com,9,是,
paisou168.com,3,是,
shoyz.com,1,是,
flhtc888.com,1,是,
a1zhan.com,1,是,
nkeoo.com,5,是,
tlongys.com,6,是,
aw16888.com,3,是,
oldthingsmadenew.com,1,是,
hzqczjd.com,3,是,
rljlj.com,2,是,
bm7111.com,2,是,
griffixcondos.com,1,是,
apsnycsb.com,2,是,
cp828nn14.com,1,是,
uxblend.com,3,是,
baradesublimation.com,1,是,
24samedaypaydayloans.com,2,是,广西软件开发培训学校,24samedaypaydayloans.com/,0,
birkenstockslippers.com,1,是,
027ycsj.com,1,是,
byzz888.com,3,是,
exiserv.com,1,是,
v55523.com,1,是,
wzfuye.com,1,是,
sxtzzs.com,3,是,
vacances-valmorel.com,1,是,
bestteaforhealth.com,1,是,
jzhgqm.com,1,是,
yayutoon.com,9,是,
682146.com,1,是,
tjmeiti.com,4,是,
yjhyhb.com,3,是,
335ma.com,1,是,
nysofts.com,1,是,
tec-hogar.com,3,是,
l048e.com,4,是,
yogaatthemarket.com,2,是,
aman123.com,4,是,
518yiqi.com,1,是,
0517play.com,3,是,
whinneyplace.com,1,是,
funtosky.com,3,是,
aaz520.com,1,是,
anxidai.com,2,是,
gogo5858.com,1,是,
habbasbr.com,1,是,
zaiqafoodsydney.com,1,是,阜新市贸易客服中心,zaiqafoodsydney.com/,0,
ycgwy.com,4,是,
187261.com,1,是,乔达门禁公司,187261.com/,0,
sdhssj.com,2,是,
xingalool.com,2,是,
0168dh.com,1,是,
025808.com,5,是,
dd5765.com,2,是,
dytourism.com,1,是,
tc2f.com,2,是,
jaya168.com,5,是,
tongfuzfu.com,2,是,
kuwanggou.com,4,是,
angkasura.com,1,是,
173662.com,2,是,
atexprinting.com,1,是,
url16.com,3,是,
szfbdt.com,3,是,
gufajl.com,4,是,
epcpolo.com,2,是,
renttolet.com,1,是,
cinirealm.com,2,是,
ipmtec.com,6,是,
a19990.com,1,是,
feinyc.com,8,是,
912679.com,2,是,
ka512.com,3,是,
4620088.com,3,是,
punkbat.com,6,是,
aaf-dz.com,2,是,
yingfish.com,1,是,
froginsocks.com,1,是,
tuxedoforweddings.com,1,是,
8522111.com,4,是,
weber91.com,3,是,
0515china.com,5,是,
92wzs.com,5,是,
mdtracing.com,1,是,
simkylahore.com,2,是,牡丹江市家具服务中心,simkylahore.com/,0,
prophycup.com,10,是,
hellocoty.com,1,是,
83gold.com,3,是,
usmangrc.com,3,是,
lwjykj.com,2,是,
usbb520.com,1,是,万信装饰公司,usbb520.com/,0,
bobo-qp.com,4,是,
7grillos.com,2,是,
jadutv.com,1,是,
webcamspornoxsms.com,2,是,
vadicare.com,1,是,
938112.com,2,是,
eve-lt.com,3,是,
modules-associes.com,1,是,
inbureau.com,1,是,
mytriptical.com,1,是,
upptu.com,5,是,
beekmanplacelivery.com,1,是,九州体育改为bet9|bet9会员备用网址|bet9九州体育10年信誉,www.beekmanplacelivery.com/,0,
zexel911.com,4,是,
masaje-erotico.com,2,是,
js77557.com,2,是,
searchstaterecords.com,2,是,
jelsporn.com,1,是,
who001.com,3,是,
webcam-palace.com,3,是,
lnhongmao.com,1,是,奕亨平面设计公司,lnhongmao.com/,0,
hodrbra.com,3,是,
gaypornforfree.com,2,是,
gayclassicporn.com,1,是,
biju2.com,4,是,
countrymusicnz.com,2,是,
158surfandskate.com,3,是,
329793.com,5,是,
la-vie-en-rose-jp.com,1,是,
fairlawnambulance.com,1,是,
anni11.com,1,是,沃越跑步机公司,anni11.com/,0,
joeyscheesesteaks.com,3,是,
miriscott.com,1,是,
gokuu-co.com,1,是,
marriagedownload.com,1,是,
storesetbaches.com,1,是,
schwulen-pornos.com,1,是,
liquidationserane.com,1,是,
quatangdotkich.com,2,是,
cagdasdemirdograma.com,2,否,
leckenesjetzt.com,5,是,
bluespringsbouquet.com,1,是,
richardandkelly.com,1,是,
auroyaumedesjeux.com,1,是,
groksgrubguide.com,3,是,
titfuckingpics.com,1,是,
redaakeandassociates.com,1,是,
cricbuuz.com,1,是,
306778.com,1,是,通商培训公司,306778.com/,0,
mylovedcelebs.com,1,是,
blueisleproperties.com,1,是,
smartdrivingsolutions.com,1,否,
ichidai-oden.com,15,是,
jasonsnet.com,18,是,
melodyparc.com,2,是,
betterwithboys.com,1,是,
citroennation.com,3,是,
850554.com,2,是,
tomoizakaya.com,1,是,
sakurababachiro.com,5,是,
xnldsj.com,1,是,上海11选5,www.xnldsj.com/,0,
kodakservices.com,6,是,
pecwinejewelry.com,1,是,
xl887.com,1,是,
caridiscount.com,4,是,
nemgiasivale.com,5,是,
mayusyu.com,1,是,
teslashortcuts.com,2,否,
qmiprinting.com,13,是,
petitchene-theatre.com,1,是,
herfreebies.com,1,否,
laluchaoneisland.com,17,是,
globalshippingec.com,11,是,
celebherald.com,13,是,
gruposulfabril.com,9,是,
comunicacionpcyc.com,13,是,
alliancemanpowerca.com,6,是,
jeansandlattes.com,3,是,
freeeducationinfo.com,2,是,
adventuretoursbali.com,1,是,龙泉市泉呈朦物机房设备有限公司,adventuretoursbali.com/,0,
problemidipeso.com,6,是,
sartoroffshore.com,1,是,
soyuw.com,6,是,
gandtpictures.com,1,是,
marcgarynochimson.com,2,是,
havelidar.com,1,是,
domyownhomeloan.com,1,是,
dollarsellers.com,4,否,
wagcommunication.com,2,是,
naisudesune.com,1,是,
erinsfurniture.com,1,是,
teslavps.com,3,是,
mexicosurfvacation.com,5,是,
bayoulocksmith.com,2,是,
dxalmzmu.com,2,是,
souspug.com,1,是,
trading-wa.com,3,是,
ican-tr.com,16,是,
autoinspiring.com,1,是,
lovepolkadots.com,3,是,
maxsbible.com,5,是,
satellitet-shop.com,5,否,
ssseeoo.com,2,是,
kathryndunne.com,2,是,
xembaohotnhat.com,2,是,
freepornsluts.com,1,是,
nv233.com,2,是,
patticostalltoday.com,2,是,
pinonstore.com,3,是,
qiyogaforfertility.com,2,是,
fintechemprende.com,9,是,
psdentalsleep.com,1,是,
0740099.com,1,是,
tjmywedding.com,1,是,明洋婚礼策划,tjmywedding.com/,0,
primaice.com,14,是,
bookalimotoday.com,4,是,
thebearandthebride.com,2,是,
demobielemakelaar.com,5,是,
ilevelenvironments.com,6,是,
designsmymeeting.com,10,是,
sakodakazuhito.com,2,是,
presenteramy.com,2,是,
vearapp.com,1,是,搜狗搜索引擎 - 上网从搜狗开始,vearapp.com/,0,
writebilly.com,4,是,
estellorama.com,1,是,连云港市检测技术有限责任公司,estellorama.com/,0,
disfrego.com,1,是,搜狗搜索引擎 - 上网从搜狗开始,disfrego.com/,0,
ebooks-passion.com,3,是,
itspuchi.com,5,是,
bittersrecipe.com,5,是,
russfulcherlistens.com,4,是,
be-a-champion.com,4,是,
hotelgenzianagenova.com,2,是,
highgradepipes.com,1,是,
christinepadilla.com,1,是,廊坊市霸州市五拭环境艺术设计有限公司,www.christinepadilla.com/,0,
run-ni.com,6,是,
coiltoolsconnect.com,2,是,
majdalkasem.com,2,是,
bojisigns.com,1,否,Sign Products and description of signs available - Oko...,bojisigns.com/,0,
braketapp.com,14,是,
howtomakeamosaic.com,1,是,
rsnicer.com,3,是,
oceanstudio1.com,2,是,
lotushowto.com,1,是,
orbedge.com,3,是,单县模型公司,orbedge.com/,0,
hookedonbookkeeping.com,2,是,
rendezevents.com,4,是,
whtycy.com,1,是,河南11选5,www.whtycy.com/,0,
babyblue-dress.com,2,是,
ryanthekid.com,2,是,
akademisublet.com,6,是,
mzforex.com,1,是,跨作文网-遐想的作文-讲诚实作文,www.mzforex.com/,0,
lamatrakateatro.com,4,是,
onesacredsource.com,5,是,
finalconceptcar.com,2,是,
natural-mill.com,1,是,全球最大的休闲平台,www.natural-mill.com/,0,
pantelmanncorp.com,3,是,
locationdecaftans.com,4,是,
besteducationcafe.com,1,是,
bluwavevideo.com,3,是,
maletinesbaratos.com,8,是,
raysreality.com,6,是,
dubai-escort-vip.com,5,是,
allpestincorporated.com,14,是,
friendlypawnms.com,1,是,搜狗搜索引擎 - 上网从搜狗开始,friendlypawnms.com/,0,
nova-trader.com,6,是,
nancycleppe.com,4,是,
pulito-takamatsu.com,2,否,
domainste.com,1,是,杀戮天使樱花免费看-无锡市方祺货运有限公司,domainste.com/,0,
oklahomacityusa.com,5,是,
fujimorista.com,4,是,
shahreamin.com,5,是,
deepellumhair.com,4,是,
cemydriocuarto.com,1,是,搜狗搜索引擎 - 上网从搜狗开始,cemydriocuarto.com/,0,
iwoodprojekts.com,2,是,
copy-garden.com,4,是,
guiapachuca.com,1,是,
elenawise.com,4,是,
mzhla.com,1,是,作文飘网-《理》作文-小布熊作文,mzhla.com/,0,
reagansathena.com,2,是,
yaconlove.com,2,是,
seikon100.com,2,是,
retrichangement.com,6,是,
trafikbilirkisim.com,3,是,
memoirsofagringa.com,3,是,
greensquareph.com,3,是,
planculniort.com,1,否,
wzyss.com,3,是,宏艺产权公司,wzyss.com/,0,
alohacancerproject.com,4,是,
akimder68.com,2,是,
ojsimpsonshow.com,9,是,
concept256.com,5,是,
reesesonrecess.com,5,是,
intakt-astheim.com,3,是,
dibbizle.com,1,是,搜狗搜索引擎 - 上网从搜狗开始,dibbizle.com/,0,
markafonevkonsept.com,4,是,
detoxwithnbh.com,5,是,
southforsythgiants.com,2,是,
hmmucb.com,4,是,
fizzyway.com,4,是,
littlepeon2004.com,3,是,
kuesehat.com,4,是,
myvacationplaces.com,1,是,德阳市旌阳区镜竟同层排水有限公司,myvacationplaces.com/,0,
jewelarapp.com,4,是,
glamyourevent.com,2,是,
erthidrolik.com,2,是,太行新能源,erthidrolik.com/,0,
bcdamu.com,1,是,
chillax-gaming.com,1,是,
kzlskekzkmuy.com,7,是,
rotc360.com,6,是,
directorscutcinema.com,4,是,
lntfmu.com,1,是,
divinekloset.com,14,是,
gillelements.com,5,是,
hooteruniversity.com,3,是,
winnipegmayor.com,2,是,
ridakiomi.com,4,是,
arenatanitim.com,2,是,
vtgiftstores.com,6,否,免费色情app|色情黄色软件下载|免费的色情app软件都有什么,vtgiftstores.com/,0,
jubeat-ll.com,4,是,
pitchstartrr.com,2,是,
elly-mui.com,2,是,
asuspiesquiropedia.com,3,是,
digitalartfairy.com,2,是,
infat4u.com,2,是,
dershanebul.com,1,是,
aklifeontheedge.com,1,是,
automovilesleus.com,2,是,
money-chest.com,1,是,
gdfashionlanka.com,5,是,
elentreno.com,7,是,
mimikaumanns.com,1,是,
homeworkfoster.com,3,是,
pjllkl.com,2,是,
lagenhetsuthyrning.com,7,是,
go-computer.com,1,是,
klmmuyet.com,3,是,
juliesloan.com,1,是,
vfdsnet.com,4,是,
glthiel.com,2,是,
growwebbusiness.com,1,是,
wandsteun.com,1,是,
uaedating4singles.com,1,是,
jabodetabekcctv.com,3,是,
balloonsandbaubles.com,4,是,
nova-finca.com,4,是,
denisbussieres.com,2,是,
veneziainluce.com,4,是,
scentedlingerie.com,2,否,
fetish-divas.com,1,是,
scoresandoddes.com,1,是,
ustajans.com,5,是,
lookatflatbush.com,3,是,
alpha-eye-serum.com,3,是,
bisbeehomerentals.com,1,是,
markbaloga.com,1,是,
liabilitydata.com,1,是,
npqjsy.com,1,是,
carolinasrealestatetalk.com,1,是,
rzhg3d.com,1,是,
hellodidyouknow.com,1,是,
myupit.com,1,是,
yajsgp.com,1,是,
tweetmecash.com,10,是,
mackempharma.com,1,是,
mondseelandhotels.com,1,是,
carolbakery.com,1,是,
getwomanback.com,1,是,
duocmyphamphap.com,5,是,
sameerthahir.com,1,是,变成黑皮辣妹后 和朋友做了动漫免费观看-成都宏义动力科技...,sameerthahir.com/,0,
flameber.com,6,是,
sagalelectronics.com,1,是,
bowlerdating.com,1,是,
mexicansnake.com,2,是,
chbjsy.com,3,是,
nbqdkl.com,3,是,
lagarissonnie.com,1,是,安徽省安庆市大观区剖涮耀培百货有限公司,www.lagarissonnie.com/,0,
mkmleen.com,4,是,
e-daikichi.com,2,否,
ylhskljsl.com,2,是,
midnightblueband.com,1,是,
hnrakl.com,2,是,
boomkhabar.com,6,是,
ephraimsbranch.com,6,是,
leonzal.com,1,否,
ibm-reserch.com,9,是,
serrurier-parisien.com,1,是,
cafes-ammar.com,2,是,
russianrescue.com,1,是,
themcountryboysmusic.com,2,是,
flaviasales.com,1,是,
iqbaltrainer.com,1,是,
theindicool.com,1,是,
alsmwakl.com,1,是,
mincheyproperties.com,1,是,大赢家,mincheyproperties.com/,0,
virginiaisfordoulas.com,1,是,
victorhugovillage.com,1,是,
tummytuck-chandigarh.com,1,是,
strategytoexit.com,2,是,
ipodonut.com,1,是,大赢家,ipodonut.com/,0,
hbcinternat.com,1,是,
thewintonfamily.com,2,是,
shreyasgroups.com,2,是,
mobilieraccescible.com,2,是,
serveihogar.com,1,是,
gospeladvertising.com,1,是,
liferoseproducts.com,3,是,
amethyst-ole.com,2,是,
firststepottawa.com,1,是,
santaellanfo.com,1,是,
dutyhonourcountry.com,1,是,
familybizadvising.com,1,是,
stringchoir.com,1,是,
estjzmzmupj.com,2,是,
jeffgunderson.com,1,是,大赢家,jeffgunderson.com/,0,
journeedia.com,1,是,
microwebusa.com,1,是,
badgeculture.com,2,是,
espritamazone.com,1,是,
thesparkletters.com,2,是,
carmonamotors.com,2,是,
pinkspace-relooking.com,2,是,
markstefanishyn.com,3,是,
criticalsocialmedia.com,2,是,
dannhannangluong.com,1,是,
nashasworld.com,1,是,
iwillsellmymusic.com,1,是,
plaquecoffret.com,1,是,
hityoursite.com,1,是,大赢家,hityoursite.com/,0,
innovativestatus.com,1,是,
lovekaila.com,3,是,
piubellepiubuone.com,1,是,
justvanrentals.com,1,是,白色相簿第二季免费观看-阿玛科展览服务(上海)有限公司,justvanrentals.com/,0,
expatserviceskuwait.com,1,是,
thedifferentgirl.com,1,是,
tomcatprowl.com,1,是,金山屯温瑞塘河节庆用品礼品批发市场,www.tomcatprowl.com/,0,
luerzer-alpenresorts.com,2,是,
ferrarissime.com,1,是,大赢家,ferrarissime.com/,0,
highfield-hollies.com,2,是,
weareshakti.com,1,是,
thrive15franchising.com,1,是,
trainerpendidikan.com,1,是,
pressomaticglobal.com,1,是,
mdecamericas.com,1,是,
g2portaldenoticias.com,1,是,
pastisseriazaguirre.com,2,是,
crocomania.com,1,是,大赢家,crocomania.com/,0,
whatsoncopenhagen.com,1,是,
bnlcontainers.com,2,是,
franchising-portugal.com,1,是,
thesetaxingtimes.com,2,是,
myayureved.com,2,是,
themaynevent.com,2,是,
mercialxpress.com,1,是,鬼灭无限列车篇免线观看-广州康雅科技有限公司,mercialxpress.com/,0,
hiringsathi.com,3,是,
dockspacetrader.com,1,是,
mariasfancyfaces.com,1,是,
temelliservis.com,1,是,
langsing-sehat.com,1,是,大赢家,langsing-sehat.com/,0,
gabrielacapone.com,1,是,
vandiflower.com,1,是,
puneneurosurgeon.com,1,是,
sunmobileservice.com,1,是,
pamelatallondesigns.com,2,是,
fastbailbondscypress.com,1,是,
ratethatjoint.com,1,是,
mowoori.com,1,是,搜狗搜索引擎 - 上网从搜狗开始,mowoori.com/,0,
kairasport.com,1,是,
rudycapella.com,1,是,
mahalakshmimetal.com,1,是,
mlmengineer.com,1,是,大赢家,mlmengineer.com/,0,
lifefithouston.com,1,是,
sts-batiment.com,1,是,
bolkarhaber.com,1,是,
willesdenckd.com,1,是,
baidianfenga.com,1,是,河北天泰机械集团有限公司,www.baidianfenga.com/,0,
pascalbornarel.com,1,是,
insidepoliticsonline.com,1,是,
urbanvillagefitness.com,1,是,
fdconcessions.com,1,是,
linguolandia.com,1,是,
mutiraorio2016.com,1,是,
learningtreeliteracy.com,1,是,
hairstylisttogo.com,1,是,搜狗搜索引擎 - 上网从搜狗开始,hairstylisttogo.com/,0,
flatshareinprague.com,1,是,
rightmovesproperty.com,2,是,
mapropertiesllc.com,1,是,
thegardenstatement.com,1,是,
pourquoipas-langues.com,3,是,
sigacikkafepansiyon.com,2,是,
plus-evolution.com,1,是,
marskesiteservices.com,1,是,
colourspring.com,1,是,
nayakinfrastructure.com,2,是,
mochareaders.com,1,是,
helvetic-estate.com,1,是,
viethoustonradio.com,1,是,搜狗搜索引擎 - 上网从搜狗开始,viethoustonradio.com/,0,
aerialasia.com,1,是,
adonisplays.com,1,是,
thethinkingmuffin.com,1,是,
decolegoods.com,1,是,
soestdijk-enschede.com,1,是,
cumbucohostel.com,1,是,
hmhtransferprint.com,1,是,
mulahsurfretreat.com,3,是,
politiekmagazine.com,1,是,
cundadogaotel.com,1,是,
rnspublicity.com,2,是,
choylawfirm.com,2,是,
bramhuijzen.com,2,是,
homeswithdean.com,1,是,
ksharsutraonline.com,4,是,
yuan-commercial.com,1,是,
maplecreekshopper.com,1,是,
cranstonteam.com,1,否,cranstonteam.com/,cranstonteam.com/,0,
oppenheimerandlee.com,2,是,
businel.com,2,是,
pierceappraisalsinc.com,2,是,
iseeyou-online.com,1,是,
gameonchipcompany.com,1,是,
portofinoarenysdemar.com,1,是,
propongohoteles.com,3,是,
rousselinteriors.com,2,是,
trafficticketgeorgia.com,2,是,
pracanawysokosci.com,2,是,
ceyhancasper.com,1,是,
ouinewyork.com,1,是,
tabungpemadamanapi.com,1,是,
northsidefiat10.com,1,是,搜狗搜索引擎 - 上网从搜狗开始,northsidefiat10.com/,0,
ifi-immofinanz.com,1,是,
riglerandras.com,2,是,
virginie-trefert.com,1,是,
yedekparcatoptancisi.com,1,是,
hoanggiafashion.com,2,是,
options-biniares.com,1,是,
gapeci.com,1,是,
legomm.com,1,是,
stargazer-heather.com,1,是,
digital-netbd.com,3,是,
sport-free.com,1,是,
mysmallgorilla.com,1,是,
nabuccogaspipeline.com,2,是,
franklohmeier.com,1,是,
zodiacpanthers.com,1,是,临汾市超声设备培训学校,zodiacpanthers.com/,0,
waiternation.com,2,是,
jeremysuisted.com,1,是,
klinikabdi.com,1,是,
bugrakarabey.com,1,是,
popupshisha.com,1,是,
taslianempire.com,2,是,
stitchintimephotos.com,1,是,
fizzlefire.com,1,是,
mandydiary.com,1,是,
videotects.com,3,是,
drobotxgames.com,1,是,
lets-ebook.com,2,是,
garagedeplanchez.com,1,是,
marketlabconseil.com,1,是,
uneecolepourxichtho.com,1,是,
juliethsilva.com,1,是,
vendrassist.com,1,是,
tabi-douraku.com,1,是,
fotorj.com,4,是,
eyewearmoodys.com,1,是,
behier.com,2,是,
merlinlawtexas.com,1,是,
thailandpropertys.com,1,是,
pocketmoneyrecycling.com,1,是,
larrybairdonline.com,4,是,
hypnologymag.com,2,是,
usahaplastik.com,2,是,
shiraztour.com,1,是,
seaworldaddress.com,1,是,
garagebougeres.com,1,是,
kazukotakebayashi.com,1,是,
paolocostadesign.com,2,是,
doordevilsmc.com,1,是,
salkimsarmasikcafe.com,1,是,
forest-sakura.com,2,是,
jaguar-okayama.com,1,是,
ingroundpoolpumpguys.com,1,是,
rubinfoodgroup.com,1,是,
kayleedurowmusic.com,2,是,
brunel-house.com,2,是,
stuckthemovie.com,1,是,
wesellfranklincounty.com,1,是,
iroszershop.com,2,是,
sixwhitingstreet.com,1,是,
insuranceswimming.com,1,是,
frenchkisspublishing.com,1,是,
mamasoxvillageidiots.com,1,是,
expandintosilence.com,3,是,
quadrantenoticias.com,1,是,
rickandsusanduo.com,4,是,
protorsion.com,1,是,
vis-trancannage.com,1,是,
trainingdogshelp.com,1,是,四虎免费影院-2020最新四虎免费观看,trainingdogshelp.com/,0,
freebooksbywilly.com,1,是,
thesurrendershow.com,1,是,
lightfacet.com,1,是,
hostingipnet.com,1,是,
rehala-capablanca.com,1,是,
blovestudios.com,2,是,
antonsanda.com,1,是,
fermedusoulie-bias.com,1,是,
nina-hofmann.com,1,是,
phtamaritcorreduria.com,1,是,
eyecatchersworld.com,1,是,
fitspirationdiva.com,1,是,
permutite.com,1,否,284俄罗斯贵宾会网站-俄罗斯贵宾会正规-首页,permutite.com/,0,
handmadefelttoys.com,2,是,
tahoetwins.com,1,是,
jessica-feldman.com,1,是,搜狗搜索引擎 - 上网从搜狗开始,jessica-feldman.com/,0,
resonanceguitarduo.com,1,是,
thispcneedshelp.com,2,是,
econtrol-glas.com,1,是,
facesitting-clips.com,3,是,
dienbulgaria.com,1,是,
souvenirs-house.com,1,是,
shoerepairnewyork.com,1,是,
journeysbybike.com,1,是,
masonrylocal.com,1,是,
daunjaticinajakarta.com,1,是,
larsonmotorslincoln.com,2,是,
hamsayogaspace.com,1,是,
sicuranzaelectric.com,1,是,
redcoralguesthouse.com,1,是,
wewillbefgold.com,3,是,
tolicvisakha.com,1,是,
mrvangeelsclass.com,2,是,
jessicasimone.com,1,是,
halsdraincleaning.com,2,是,
openafriki.com,1,是,
crosstechburs.com,1,是,
ax3multimedia.com,1,是,
mmc-controle.com,1,是,
graduluxbilbao.com,1,是,
itsbychance.com,2,是,
heartbeatrockers.com,2,是,
theguythatcouldfly.com,1,是,
anadolukuzucu.com,1,是,
jdbuckconstruction.com,1,是,
hotchicksvideos.com,2,是,日照市洗涤用品培训中心,hotchicksvideos.com/,0,
ottawaspinaltherapy.com,1,是,
bombeld-cf.com,1,是,
nycgynroboticsurgery.com,1,是,
fernandozanini.com,1,是,
sportsoutletemilia.com,1,是,
hirvatistannakliyat.com,2,是,
therainbowrealty.com,1,是,
renosmarquis.com,1,是,
riverdancehunting.com,2,是,
tollewohnung.com,1,是,
lafermeduvalfroment.com,2,是,
depildeluxe.com,1,是,
karlota-deco.com,1,是,
refome-ibaraki.com,2,是,
kikerikiworld.com,1,是,
mysoloads.com,1,是,
bhutanmakadv.com,1,是,
one2onelondonescorts.com,1,是,
synergymmj.com,1,是,
eidosdeiria.com,4,是,
daichi-gift.com,1,是,
hiller-group.com,1,是,
janfischermusic.com,2,是,
thecritico.com,2,是,
bornovaemlak.com,1,是,
swadeshnewspaper.com,2,是,
ericwyattphotography.com,2,是,
qmtconsulting.com,2,是,
martiniconsulenze.com,2,是,
mercuryitsolutions.com,1,是,
peopleforrogerthomas.com,1,是,
innovativebbq.com,1,是,
toughblueplastic.com,1,是,
michaelportsupport.com,1,是,
veevuniversity.com,1,是,
imf-empresas.com,1,是,
rosieharsch.com,1,是,
krisgreggfineart.com,1,是,
myscoliosisstory.com,1,是,
shinetsunight.com,1,是,
haisankhonhatrang.com,1,是,
clubbaltica.com,1,是,
sofisainteriores.com,1,是,
awm-marketing.com,1,是,
injeksiorine.com,2,是,
autolux-bg.com,1,是,
kasperinfotech.com,3,是,
vsultratrail.com,1,是,
suministrosargon.com,3,是,
aslescoteaux.com,1,是,
saipantriathlon.com,1,是,
malatyasporlular.com,1,是,
imindsetevo.com,2,是,
gastronomiasea.com,1,是,
opticasotillo.com,1,是,
sadigitalhomes.com,1,是,
horizontal-line.com,1,是,
southamericansafaris.com,1,是,
meryemyildirim.com,1,是,
trilobite-conference.com,1,是,
luxurynewhomerentals.com,1,是,
sound-counselor.com,3,是,
edabernathyauction.com,1,是,
greatdayresources.com,1,是,
nyensembletheatre.com,1,是,
geocachingchat.com,1,是,
termotechnology.com,1,是,
holylandalbums.com,1,是,
skyfoldclassic.com,1,是,
tjkwebdesign.com,1,是,
safesignonline.com,1,是,
valhallawomensweek.com,1,是,
dancingdukekennels.com,1,是,
abvibaltimore.com,2,是,
famoushostel.com,1,是,
mydoubleportion.com,1,是,
seslibiyer.com,2,是,
fastpitchfancast.com,1,是,
tabletpccomprar.com,3,是,
equantbusiness.com,1,是,
searainbow-dive.com,1,是,
bestf1tickets.com,1,是,
koog-consulting.com,1,是,
flywithsamsung.com,1,是,
selectscopemanager.com,1,是,
thequiltedpug.com,1,是,
frenchbydd.com,1,是,
empireswargame.com,1,是,
applymd.com,3,是,
marcinphotography.com,1,是,
dog-ichinose.com,1,是,
maguirephoto.com,3,是,
theboogyman.com,1,是,
downtowngifthings.com,1,是,
las-terrazas.com,3,是,
jmachimbarrena.com,1,是,
furnishingsontheweb.com,1,是,
vinedosdelternero.com,1,是,
zimbalisalonandspa.com,1,是,
workorderangel.com,1,是,
jodysfurniturejax.com,1,是,
tupuntodepago.com,1,是,
ulul-albab.com,1,是,
violetmarine.com,1,是,
greatwallturkiye.com,1,是,
taishokuacchi.com,1,是,
friscoproud.com,1,是,
elcaminoacasa.com,1,是,
marcus-schreiter.com,2,是,
highlandswildfire.com,3,是,
khilafatulmuslimin.com,1,是,
ballmann-web.com,1,是,
hondacraigslist.com,1,是,
palinsajoke.com,1,是,
shopnewcastlegateshead.com,8,是,
healthlok.com,1,是,
thetreodep.com,1,是,
serigrafiacanet.com,1,是,
eventosydeporte.com,2,是,
fepelotacv.com,1,是,
codymisura.com,1,是,
trishkapinos.com,1,是,
hotel212olympos.com,1,是,
vacationrentalssanibel.com,2,是,
mapcomercial.com,2,是,
cyberbearsvod.com,3,是,
parliercarriages.com,3,是,
bogazankara.com,1,是,
elitecoffeeservice.com,3,是,
netsupport-inform.com,1,是,
iamamymichelle.com,2,是,
getkalamazoopets.com,2,是,
everlastingorchids.com,3,是,
ipet-supplement.com,3,是,
thornhillwealthforum.com,1,是,
medullaitalia.com,2,是,
getfitin6.com,1,是,
spaatthemansions.com,2,是,
imigrarecanada.com,1,是,
celesterobin.com,2,是,
bindack.com,2,是,
valmitchellphotography.com,1,是,
rencontreplanculparis.com,1,是,
theblvdfashion.com,2,是,
preciouschildrendaycare.com,3,是,
hotelborducan.com,1,是,
azdockanddoor.com,1,是,
rivercityoutdoorshow.com,1,是,
oakwoodplaceapartments.com,1,是,
hypnotherapyforhealing.com,1,是,
decoratelife1.com,3,是,
thefansguide.com,1,是,
jobsiteontime.com,2,是,
livingjoyfullydyingwell.com,3,是,
handispeed.com,2,是,
lovegra100.com,5,是,
midatlanticbowl.com,1,是,
lovasclub-dobogomajor.com,2,是,
tabernacocinarte.com,2,是,
vayaevento.com,1,是,
rincondelamor.com,1,是,
vandanaassociates.com,2,是,
michaelthehookdeutsch.com,1,是,
schwarz-industrial.com,1,是,
trenditionssalon.com,3,是,
propagandafacil.com,2,是,
bigbadbrush.com,5,是,
idiomassenara.com,3,是,
fentointeriorismo.com,3,是,
labeaukunti.com,2,是,
koleksikita.com,1,是,
proprietes-immobilieres.com,1,是,
typeofhealth.com,3,是,
publishednovelist.com,2,是,
publicacionesjudiciales.com,2,是,
dathung.com,2,是,
radcliffemediation.com,2,是,
billbeschman.com,1,是,
gitechezmoha-amellago.com,4,是,
lacasitadelaartesana.com,3,是,
ispu2013wm.com,1,是,
zackymusic.com,1,是,
acciona-bcs.com,2,是,
iso48.com,2,是,
smileschoolphotography.com,1,是,
miehip.com,1,是,
provinciasantodomingo.com,3,是,
industrialrentonline.com,1,是,
vibrantlivingtherapy.com,2,是,
eastsidesonomahome.com,1,是,
verizonsignalbooster.com,1,是,
qualitymedicalsolutionsllc.com,2,是,
weareconglomerate.com,1,是,
payingguestindia.com,3,是,
accessingui.com,2,是,
froockle.com,2,是,
maestriaensalud.com,1,是,
redironoxide.com,2,是,
lucejoyeriaperuana.com,2,是,
piptalks.com,1,是,
economiccollapsenet.com,1,是,
doandang.com,1,是,
denizlimeclisi.com,2,是,
gorsevgelinlik.com,1,是,
mauimovementarts.com,2,是,
uchman-hardwaredesign.com,1,是,
psemexico.com,6,是,
lyutique.com,2,是,
itsselja.com,2,是,
rinconesconluz.com,3,是,
jazgarlaw.com,1,是,
hot18mov.com,2,是,
ucbrenda.com,4,是,
trailfalterona.com,2,是,
bobinades.com,2,是,
dw-search.com,4,是,
xcelics.com,1,是,
ganimchem.com,1,是,
fair-wayrealty.com,1,是,
abiadfw.com,3,是,
4everhack.com,2,是,
18mhw.com,4,是,
bullet-darts.com,3,是,
wood-door.com,2,是,
jawswood.com,2,是,
sidatkita.com,1,是,
theartidopainting.com,3,是,
micromacengineering.com,1,是,
e-babes.com,1,是,
mikkiinc.com,1,是,
houseoftudordesign.com,6,是,
wandaer.com,3,是,
jadi-boss.com,1,是,
limpiezascrissera.com,2,是,
afrikfashions.com,1,是,
xmkljw.com,1,是,
icwef.com,3,是,
ocvetqvane24.com,1,是,
checkyourlet.com,4,是,
chattanoogamoldinspection.com,2,是,
servicioslaesperanza.com,3,是,
whatsupfu.com,1,是,
spanowire.com,1,是,
fast-gsm.com,2,是,
canreachinternational.com,5,是,
alsmmufw.com,1,是,
wesmanradio.com,1,是,
kiacarton.com,1,是,
moduestudio.com,1,是,
ayekarou.com,1,是,
ss-reset.com,1,是,
hunde-party.com,2,是,
soulfulchristmastour.com,3,是,
helpcomputergroup.com,2,是,
klugaman.com,2,是,
jgh-berlin.com,1,是,
mccvbs.com,2,是,
alivemaxnsk.com,2,是,
pintatrading.com,1,是,
lignano-riviera.com,1,是,
co-fuwa.com,1,是,
qthctkl.com,1,是,
wxnbearings.com,1,是,
theshoppingvip.com,1,是,
jensenedu.com,1,是,
judgevancamp.com,1,是,
popshelter.com,1,是,
lenkatchor.com,1,是,
myquietheart.com,1,是,
vermilionpost29.com,5,是,
bigspeaking.com,1,是,
prestamossinnominamb.com,3,是,
electricnovels.com,1,是,
scotbeckhdw.com,3,是,
pulsar-sidescan.com,1,是,
tattooandrock.com,1,是,
laurakathryncreative.com,1,是,
windwoodlabradors.com,1,是,
harrkl.com,1,是,
welldonebali.com,4,是,
jacksonrelan.com,1,是,黑龙江食品机械销售部,jacksonrelan.com/,0,
namudesigngroup.com,1,是,
cheatcodeswiki.com,1,是,
jasonsolution.com,1,是,
uniteamedical.com,1,是,
yprtoday.com,2,是,
pot-holders.com,1,是,
xzvrkl.com,1,是,
spynimal.com,1,是,
theageofhumans.com,1,是,
macgrillksa.com,1,是,
wing-dream.com,3,是,
bm-smsph.com,2,是,
lianastudio.com,1,是,
balisoulmate.com,1,是,
inkeyplus.com,1,是,
yorukoglumetal.com,2,是,
thankqteacher.com,1,是,
discountdietprograms.com,2,是,宿迁市过滤设备教育中心,discountdietprograms.com/,0,
lemaydane.com,3,是,
kiradaki.com,1,是,
paid-survey-com.com,1,是,
noorjahan-int.com,1,是,
larproyectos.com,1,是,
manglamhomedecor.com,1,是,
europapark-rust.com,1,是,
islamskaknjiga.com,1,是,
applewatchtechpro.com,1,是,
symfoah.com,1,是,
gamblertuesdays.com,1,是,
valokuvauskirsi.com,1,是,
jinyi98.com,3,是,
avabellebridal.com,2,是,
asmartertoilet.com,1,是,
benefitresourceswi.com,1,是,
alienmilkshakes.com,1,是,
dxalmuqy.com,2,是,
dxlhgy.com,1,是,
jxhgmw.com,1,是,
nisrinashop.com,1,是,
mimi-land.com,1,是,
lovelandpet.com,1,是,
bluesvilleexpress.com,1,否,bluesvilleexpress.com-聚米城聚好米,bluesvilleexpress.com/,0,
7webster.com,1,是,
racinnationusa.com,2,是,
floral-kitchen.com,1,是,
rayonglib.com,1,是,
granderaserciyeshotel.com,1,是,
motorscooterspro.com,1,是,
atomekz.com,3,是,
smxnqmu.com,1,是,
chicoscalatos.com,8,是,
hotalio.com,6,是,
paleowakeup.com,9,是,
filmschoolzone.com,2,是,
punanyplayhouse.com,5,是,
tdshowclub.com,2,是,
shznmmu.com,1,是,
netgamemirror.com,14,是,
earnmaxmoney.com,1,是,
thebtlearningcentre.com,1,是,
riosidik.com,1,是,
codeinedosage.com,1,是,
burnham-law.com,11,是,
theleatherchair.com,11,是,
planetetriathlon.com,18,是,
formacionagricola.com,3,是,
ignitesaskatoon.com,1,是,
jobstorecentral.com,8,是,
lifestylebeverage.com,11,是,
excelcosmetology.com,1,是,
hairforafrica.com,3,是,
theatretips.com,2,是,
damnporn.com,1,是,
ntxs8.com,3,是,
filmblogunscripted.com,8,是,
vip-cougar.com,12,是,
malariacentral.com,23,是,
wjscottministries.com,4,是,
teaserstampa.com,1,是,
projectinitiate.com,5,是,
ikebukuroeki.com,30,是,
hsstudentcouncil.com,5,是,
ravenporn.com,1,是,
leveragedgames.com,4,是,
attorneysportorange.com,10,是,
kactusdistribuidora.com,20,是,
lakecumberlandbluessociety.com,1,是,
securitysolutionseurope.com,2,是,
ilimitadohosting.com,4,是,
freeiqtestforfun.com,32,是,
aidgroupconsultora.com,3,是,
dentalexpert786.com,1,是,
factualytics.com,4,是,
theinvokegroup.com,8,是,
malatday.com,35,是,
conamakeup.com,40,是,
guestberry.com,5,是,
assuredtoxicology.com,4,是,
fetishsandiego.com,31,是,
smartonlinehits.com,6,是,
wzdefx.com,2,是,
oulunpirssi.com,6,是,
fitnessstripped.com,2,是,
giacomovix.com,2,是,
zackblake.com,7,是,
newbestplan.com,10,是,
bu-english.com,12,是,
ecofriendlybedrooms.com,12,是,
athensstockexchange.com,9,是,
chemcodirect.com,6,是,
taskininsaat2.com,12,是,
katicollins.com,6,是,
vietbaodan.com,5,是,
joyinclothing.com,1,是,
intim-ukraina.com,9,是,
colegioartemisemidan.com,2,是,南宁市轴承维修网点,colegioartemisemidan.com/,0,
caferetina.com,9,是,
mommasguidebook.com,1,是,
athkerine.com,8,是,
wlmqpqmu.com,1,是,
ataceramic.com,5,是,
trmtrucking.com,7,是,
thevintageone.com,4,是,
skilach.com,1,是,
bitcoinpodstawy.com,1,是,
pennacooking.com,8,是,
paperspigot.com,2,是,
alkantim.com,5,是,
aitaobao66.com,10,是,
wearehairstheplace.com,11,是,
anakisin.com,6,是,
mastermarkettrader.com,11,是,
ocotito.com,4,是,
agenciac51.com,7,是,
stnproducts.com,1,是,
tl-dualmonitor.com,4,是,
akhirahills.com,4,是,
xraykirala.com,3,是,
generaldolar.com,2,是,
almardigital.com,2,是,
weightwatghers.com,6,是,
casweddings.com,2,是,
allietamer.com,1,是,
cogleforcommission.com,21,是,
4exboss.com,8,是,
cfpchg.com,1,是,
akazzainteriors.com,1,是,
planetofpraise.com,1,是,
smnnjs.com,1,是,
bklymq.com,1,是,
designerdealio.com,3,是,
re-pixelated.com,1,是,
dentalclues.com,6,是,
recipeswithme.com,1,是,
ljhglx.com,1,是,
kdogroupe.com,2,是,
reverendgioele.com,1,是,
intimatelusts.com,7,是,
gnczzmut.com,1,是,
access-tr.com,1,是,
byglmggwmu.com,1,是,
delawaresettlements.com,8,是,
swgpkl.com,1,是,
msnkkl.com,1,是,
sean100.com,12,是,
hackzcheat.com,18,是,
cheapcolorfliers.com,2,是,
sasdiesel.com,2,是,
akilliuslu.com,1,是,
kmpahg.com,1,是,
area-domino.com,11,是,
harryhjones.com,11,是,
ykgwhg.com,1,是,
qqhebmmu.com,1,是,
aqklmh.com,1,是,
jygjss1.com,2,是,
jyjwkl.com,2,是,
zqmukf.com,1,是,
zkhgdw.com,2,是,
dlbzhgmp.com,2,是,
atelierfranckbriere.com,1,是,
5320brooksidepass.com,1,是,
snjlq85js.com,1,是,
kshgqk.com,1,是,
sy2pjs.com,1,是,
hnczmckl.com,1,是,
hhjszk.com,1,是,
ugadmissiononline.com,1,是,
slwmjs.com,1,是,
lbtklm.com,1,是,
legionjewelry.com,1,是,
xlglmmuzs.com,2,是,
lcjsmk.com,1,是,
hnczhshg.com,1,是,
tsmuwc.com,1,是,
hfklas.com,2,是,
ntwmuk.com,1,是,
spklsk.com,1,是,
lsldkl.com,1,是,
hbczqtjs.com,3,是,
joannascharlett.com,1,是,
thtqmu.com,1,是,
xgzbjs.com,1,是,
brahmaafinearts.com,10,是,
xamcakl.com,1,是,
realestate-fund.com,16,是,
aqpmkl.com,1,是,
ldzhgt.com,1,是,
theseasonwearein.com,1,是,
hnsrhg.com,2,是,
sgkhgc.com,2,是,
snjlqhtjs.com,2,是,
farkliinsaat.com,5,是,
qdklah.com,1,是,
dxallnkl.com,2,是,
jlzqkl.com,2,是,
goodwellhealth.com,2,是,
aqkakl.com,1,是,
snailwhite4you.com,6,是,
xlglmhgjf.com,3,是,
chhgja.com,1,是,
hbczjstp.com,1,是,
blondiebythesea.com,1,是,
integrity-search.com,1,是,
wirepets.com,4,是,
swmkly.com,1,是,
xsbndzsjsh.com,1,是,
mslsmu.com,1,是,
myloveproposal.com,2,是,
bxljsd.com,2,是,
glklxr.com,1,是,
sangante.com,9,是,中药材荒山,sangante.com/,0,
hubo168.com,11,是,
hldpkls.com,1,是,
hebmuya.com,1,是,
road-entrepreneur.com,1,是,楣欖科讯网,road-entrepreneur.com/,0,
xklywp.com,1,是,
atomicbeeranch.com,7,是,
qnbyzmzwemu.com,1,是,
slqgmu.com,3,是,
jjdamu.com,1,是,
robynmcvey.com,6,是,
4zamzam.com,12,是,
adviserstreet.com,1,是,
haczmu.com,1,是,
sardaarsaab.com,1,是,
ictreatmenthelp.com,3,是,
bhmuwa.com,1,是,
ztjskr.com,2,是,
ceresmi.com,5,是,
scienceibooks.com,2,是,
klmmuyzm.com,1,是,
lcsmuz.com,1,是,
hczakl.com,1,是,
ljmhgk.com,1,是,
chtqhg.com,1,是,
masjchg.com,1,是,
lxhzajss.com,1,是,
lpsjspz.com,1,是,
lemontreebeauty.com,10,是,
bdhgcr.com,1,是,
ddkljr.com,1,是,
qmuypy.com,2,是,
zhmuqx.com,1,是,
yfhmuk.com,1,是,
hkjszn.com,1,是,
jxklym.com,1,是,
del-cakes.com,1,是,
tlqzjs.com,1,是,
tzklls.com,2,是,
pdshgdv.com,2,是,
qhdjs5h.com,1,是,
pxhggg.com,2,是,
houveneragency.com,10,是,
qdnmzdzgghg.com,1,是,
gzczjsyh.com,3,是,
hebbbmu.com,1,是,
xczmmu.com,1,是,
bynethgc.com,2,是,
nnhfkl.com,1,是,
hzcqmu.com,1,是,
gnczujmu.com,1,是,
bslwhg.com,1,是,
dthgjj.com,1,是,
eedsaphg.com,1,是,
btpgkl.com,2,是,
xzljsl.com,1,是,
xhgywa.com,1,是,
wxjscx.com,1,是,
aucklandshimla.com,7,是,
xmabhg.com,1,是,
chgypf.com,1,是,
lxhzlkkl.com,1,是,
glmuhw.com,1,是,
lshgpb.com,3,是,
shztnkl.com,2,是,
zatugaku-matome.com,2,是,
chhrkl.com,1,是,
londonims.com,1,是,
thqqkl.com,1,是,
vikramfurnisher.com,5,是,
500milesnbeyond.com,1,是,
zswejs.com,1,是,
alawhg.com,2,是,
vanhappenbd.com,2,是,
auctionnewsalert.com,1,是,
xthklb.com,1,是,
jaguarxjmedia.com,2,是,
abcsport-skiset.com,7,是,
thqnkl.com,1,是,
posredniktaobao.com,9,是,
rimewarnercable.com,5,是,中药材制面,rimewarnercable.com/,0,
lacapitalsalsera.com,2,是,
madrasafurqania.com,3,是,
bottschurch.com,1,是,
mumuym.com,1,是,
greatshemaletube.com,3,是,
sgminmobiliaria.com,5,是,
hamamatsu-keiken.com,5,是,
chennaiivf.com,2,是,
xx6kly.com,1,是,
dulichnhatgiare.com,1,是,
pontemellini.com,1,否,
mmrckl.com,1,是,
cxyzdxmu.com,1,是,
helios-krasnodar.com,9,是,
lonelyboymontoya.com,8,是,
kaz-hanarabi.com,3,是,
lshinternational.com,4,是,
renovatorsyacht.com,2,是,
avancediffusion.com,2,是,
spacesjustified.com,3,是,
tmzjsy.com,1,是,
randmmeatcutting.com,5,是,
back80bluegrass.com,4,是,
damenaufgabeln.com,1,是,
pasionbotonrojo.com,1,是,
xfzjsl.com,1,是,
tlfdahg.com,2,是,
customassessment.com,2,是,
apartementangerang.com,2,是,
f1poleposition.com,5,是,
jl3kly.com,1,是,
glycogenix.com,1,是,
rzkemu.com,1,是,
bo2english.com,1,是,
magicdragonvapes.com,2,是,
mallwalltv.com,1,是,
jonryansfilms.com,1,是,
junkers-malaga.com,1,是,
superlean24.com,3,是,
estudong.com,1,是,
serendipitydirect.com,1,是,
korgiftshop.com,1,是,
dosrosasblancas.com,1,是,
offbroadwayphoto.com,1,是,
sizehomme.com,1,是,
shasa-cats.com,1,是,
cubacarforental.com,1,是,
difusionescenica.com,1,是,
dlbzhgys.com,1,是,
adayabalangan.com,1,是,
jasamoulding.com,1,是,
randolfkeller.com,2,是,
seawyxstudios.com,1,是,
photographycherie.com,2,是,
location-pointeduraz.com,2,是,
revenuereflexblog.com,1,是,
secretdegourmandises.com,1,是,
cigdemutuevi.com,1,是,
madliofficial.com,1,是,
jerrycrouchtattoos.com,1,是,
klo-berlin.com,2,是,
collinscomunicacion.com,2,是,
cainmurrayrealestate.com,1,是,
begin-communications.com,1,是,
sedaelektrik.com,1,是,
chefstudiobali.com,1,是,
clasesdepianomadrid.com,1,是,
diedunklewelt.com,1,是,
cnharmonyhome.com,1,是,
kentroadpublicschool.com,1,是,旭西辰劳动服务公司 (kentroadpublicschool.com),www.kentroadpublicschool.com/,0,
thewealthpandemic.com,1,是,
qqhelhgy.com,1,是,
neilbinettelmft.com,1,是,
grafimecriocuarto.com,2,是,
derryyouthlacrosse.com,1,是,
nagykeryimports.com,1,是,
cortinasmainez.com,1,是,
rollingsloanes.com,1,是,
optimixo.com,3,是,
fullthrottlemassage.com,3,是,
indiriminadi.com,1,是,
escrimeenscene.com,1,是,
raishacollection.com,8,是,高陵正浩步进电机有限公司,www.raishacollection.com/,0,
lessprints.com,1,是,
careersuccessblog.com,1,是,
sheetmetaldrafting.com,1,否,sheetmetaldrafting.com-聚米城聚好米,sheetmetaldrafting.com/,0,
sepatupriacasual.com,1,是,
icandothistoday.com,2,是,
debbiebloom.com,3,是,
splitandtrack.com,1,是,
magicprobox.com,1,是,
expointlsl.com,1,否,
yayayaenglish.com,1,是,
landingtalent.com,1,是,
executiveflightclub.com,1,是,
myurabienesraices.com,2,是,
crcseguros.com,1,是,
proyectasi.com,2,是,
lcjmuy.com,1,是,
johardyvet.com,2,是,
arcadiusphotography.com,1,是,
guanghuimeiye.com,1,是,没有找到站点,guanghuimeiye.com/,0,
crampsbegone.com,1,是,
iphonefart.com,1,是,
thepaintdistresser.com,1,是,
lallubhaiamichand.com,2,是,
centrodeyogashakti.com,1,是,
chinese-input.com,1,是,久旺金华便民生活网,chinese-input.com/,0,
elmundoendosruedas.com,3,是,
businessminutelender.com,2,是,
bats-house.com,1,是,
antonioalabajos.com,1,是,
beautyschoolny.com,1,是,
johnhunterdesign.com,2,是,
artongreetingcards.com,2,是,
garagevautour.com,2,是,
qhdlklc.com,1,是,
pharmacy-house.com,2,是,
hldzmuy.com,1,是,
fitn-dance.com,1,是,
himachaltourspackage.com,2,是,
yasamingizemiworld.com,2,是,
creationsbygale.com,1,是,
bestdamascusknives.com,1,是,
hkmutsuuseitai.com,1,是,
winter-scarves.com,1,是,
pizzamanrestaurantca.com,1,是,
rachel-design.com,2,是,
primefundmanagement.com,3,是,
bbmubz.com,2,是,
colnagoshop.com,1,是,
liderbotanic.com,3,是,
kidspersonalisedgift.com,1,是,
ereserveren.com,1,是,
hentaivillage.com,1,是,
satservicesccl.com,1,是,
lbecmu.com,1,是,
elisakinnunen.com,2,是,
sanaenarita.com,1,是,
sunrisevalleyassoc.com,2,是,
art-impresa.com,1,是,
optimalitsolution.com,2,是,
riveramaldonado.com,2,是,
tranquilloduo.com,1,是,
footballboots-uk.com,1,是,
vakttjeneste.com,2,是,
vaillantmsinsaat.com,1,是,
coastalharp.com,1,是,
diet-taikenndann.com,1,是,
mulhouseeurope.com,2,是,
sachainchiusa.com,1,是,
fenice-waiwai.com,2,是,
projectesinterns.com,1,是,
ulittlepunk.com,1,是,
europe-controle.com,2,是,
salonkingsadore.com,1,是,
blueoaksproperties.com,2,是,
gurrcounseling.com,1,是,
authorronrude.com,1,是,
olivier-rouquier.com,1,是,
hotelstade.com,1,是,
drink-synerchi.com,2,是,常州市电梯客服中心,drink-synerchi.com/,0,
sandiemitchell.com,1,是,
eryamanqatar.com,2,是,
weddingsatthefalls.com,1,是,
mighathaj.com,1,是,
indonesiashowcase.com,1,是,
kurusgonder.com,1,是,
tulsaspeakersbureau.com,1,是,
indoreonglobe.com,2,是,曲靖市烘焙制造厂,indoreonglobe.com/,0,
dlyindustrialsupply.com,2,是,
cardonecreation.com,2,是,
ralphewatts.com,1,是,
triffmichjetzt.com,1,是,
wildwoodbroncbustin.com,1,是,
jfgymnastique.com,2,是,
villadelmarapts.com,1,是,
beatceliac.com,1,是,
atyourownriskmovie.com,3,是,
hollybusviajes.com,1,是,
elyssa-environnement.com,1,是,
minaglutensiz.com,1,是,
brewcitydesigns.com,1,是,
fairydogmotherpdx.com,1,是,
le-bedlington.com,2,是,
crossroadsvt.com,2,是,
brazilinvestsummit.com,1,是,
asso-dames.com,1,是,
pingpongfightclub.com,1,是,
thekingdomofohio.com,1,是,
leoandgingi.com,1,是,
tarot-istine.com,1,是,
undsenerkh.com,1,是,
allcreaturespetsit.com,1,是,
site4unlock.com,1,是,
coconutgrove-movers.com,2,是,
lesjardinsvictoriens.com,1,是,
kreethaihome.com,1,是,
bebesypapas.com,1,是,
detektei-auskunft.com,1,是,
hungry-caterpillar.com,1,是,
cesmekumrucusevki.com,2,是,
frankpropertybuyers.com,1,是,
penanarticle.com,1,是,
maxumlimos.com,1,是,
shootingflowers.com,1,是,
ovumventures.com,1,是,
skywayanimalhospital.com,4,是,
siloe-librairie.com,1,是,
adbutel.com,1,是,
raymundorochin.com,2,是,
teamfaustocoppi.com,1,是,
iblqutmmh.com,1,是,
laforetshop.com,1,是,
holygrailofpoker.com,1,是,
terryjamesphoto.com,1,是,
mediumhairlooks.com,1,是,
dna-diagnostik.com,3,是,
osiedlebajkowe.com,1,是,
casadelmaterassobg.com,1,是,
qthmmuy.com,4,是,
sportsmansmotorclub.com,1,是,
hammertrainingcenter.com,1,是,
willettcorpcomm.com,1,是,
malaga-graff.com,3,是,
newlifegokturk.com,2,是,
easypowerofattorney.com,1,是,
miniiceland.com,1,是,
astarautosales.com,1,是,
anchormetalbuildings.com,1,是,
bikinis-canada.com,2,是,
linomodica.com,1,是,
mybrothersfamous-bbq.com,2,是,
american-pro.com,2,是,
zhongben.com,2,是,浙江中本机械股份有限公司,www.zhongben.com/,1,浙江中本机械股份有限公司,zhongben.com/,1,
mumbaiescortsads.com,1,是,
algorithm-forge.com,1,是,
authorbobfidler.com,1,是,
prosourceimage.com,1,是,
insturni.com,1,是,没有找到站点,insturni.com/,0,
