域名,主办单位名称,单位性质,网站备案/许可证号,网站名称,网站首页网址,审核时间
gamexc.com,湖南湘楚网络科技有限公司,企业,湘ICP备16017515号-1,湘楚官网,www.gamexc.com,2019-11-01 00:00:00
akanse.com,深圳市艾康视科技发展有限公司,企业,粤ICP备12009352号-1,深圳市艾康视科技发展有限公司,www.akanse.com,2013-01-31 10:19:03
jsyhcpa.com,江苏永和会计师事务所有限公司,企业,苏ICP备15003966号-1,江苏永和会计师事务所有限公司,www.jsyhcpa.com,2018-06-25 00:00:00
jinlighting.com,南京金源造明灯饰有限公司,企业,苏ICP备11025961号-1,南京金源造明灯饰有限公司,www.jinlighting.com,2020-06-30 00:00:00
asog-beijing.com,北京东方美华医院投资管理有限公司,企业,京ICP备05067259号-1,美华妇产服务,www.asog-beijing.com,wap.asog-beijing.com,2019-04-09 00:00:00
housebd.com,邢台市八达房地产经纪有限责任公司,企业,冀ICP备05004490号-1,邢台房地产网,www.housebd.com,2019-04-09 00:00:00
huakangdianre.com,丹阳市华康电热合金材料有限公司,企业,苏ICP备05050364号-1,丹阳市华康电热合金材料有限公司,www.huakangdianre.com,2018-01-08 00:00:00
cnhaiqi.com,上海海琪信息科技有限公司,企业,沪ICP备09007537号-1,海琪科技,www.callhipo.net,2018-11-30 00:00:00
chinakeke.com,浙江红果村休闲用品有限公司,企业,浙ICP备10212910号-2,浙江红果村休闲用品有限公司,www.chinakeke.com,2016-08-24 00:00:00
inw168.com,杭州众汇科技开发有限公司,企业,浙ICP备05006392号-1,世界发明与创新博览网,www.inw168.com,2018-12-27 00:00:00
ocsinotex.com,冠东亚洲有限公司,企业,浙ICP备05062823号-1,冠东亚洲有限公司,www.ocsinotex.com,2019-08-03 00:00:00
dvd-to-dvdr.com,刘佳印,个人,辽ICP备05024069号-1,dvd视频软件介绍,www.dvd-to-dvdr.com,2018-03-19 00:00:00
cnsenke.com,乐清市森科电气有限公司,企业,浙ICP备11006800号-1,乐清市森科电气有限公司,www.cnsenke.com,2016-10-27 00:00:00
ccjindian.com,无锡市长城万福金店有限公司,企业,苏ICP备12036385号-1,无锡市长城万福金店有限公司,www.ccjindian.com,2019-05-21 00:00:00
fxgts.com,赵兴春,个人,沪ICP备07007321号-1,文彩天地,www.fxgts.com,2018-03-27 00:00:00
21emr.com,北京世纪国研经济管理咨询中心,企业,京ICP备13053319号-1,二十一世纪管理培训网,www.21emr.com,2017-09-26 00:00:00
nccdsl.com,江西梦檬网络科技有限公司,企业,赣ICP备18008709号-1,江西梦檬网络科技有限公司,www.mgsals.com,www.vwhlsl.com,www.hgelec.com,www.epalxi.com,www.nccdsl.com,www.24reo.com,www.jment1.com,www.tonnit.com,www.ed2you.com,www.nag21.com,2018-07-04 00:00:00
kaiyulawyer.com,辽宁开宇律师事务所,社会团体,辽ICP备16012228号-1,辽宁开宇律师事务所,www.kaiyulawyer.com,2020-03-20 00:00:00
tianfu126.com,上海天凡药机制造厂,企业,沪ICP备08016622号-6,上海天凡药机制造厂,www.tianfu126.com,2018-03-21 00:00:00
gpcgd.com,广东省政府采购中心,事业单位,粤ICP备15017689号-1,广东省政府采购中心网站,www.gpcgd.com,2020-07-02 00:00:00
llwf.com,顺丰速运集团（上海）速运有限公司,企业,沪ICP备14044648号-2,流连忘返,www.llwf.com,2020-07-15 00:00:00
jsdzsw.com,张鸣峰,个人,苏ICP备05079039号-1,我的句容,www.myjurong.com,2017-03-23 00:00:00
cai898.com,盐城卡卡信息咨询有限公司,企业,苏ICP备17064566号-2,盐城卡卡信息咨询有限公司,www.ablsf.com,2017-11-01 00:00:00
xinghuafj.com,北京兴华通风设备有限公司,企业,京ICP备05028450号-1,北京兴华通风设备有限公司,www.xinghuafj.com,2018-04-02 00:00:00
pc868.com,宁夏盛泉网络科技有限公司,企业,宁ICP备17001159号-1,宁夏盛泉网络科技有限公司,www.pc868.com,2018-08-27 00:00:00
zgjllhc.com,蛟河市草莓研究所,企业,吉ICP备12000035号-1,蛟河市草莓研究所,www.zgjllhc.com,2019-04-12 00:00:00
njshengyuan.com,南京圣源水处理技术有限公司,企业,苏ICP备05023827号-1,南京圣源水处理技术有限公司,www.njshengyuan.com,2018-08-31 00:00:00
southgps.com,重庆子午线科技有限公司,企业,渝ICP备15009463号-14,重庆子午线科技有限公司,www.southgps.com,2018-10-25 00:00:00
safetybest.com,北京三石阳安全技术有限公司,个人,京ICP备05071182号-1,北京三石阳安全技术有限公司,www.safetybest.com,2019-05-27 00:00:00
youc.com,冰河（厦门）信息技术有限公司,企业,闽ICP备2020016678号-2,优戏网手游平台,www.youc.com,2020-08-31 09:32:47
yohobj.com,北京友和建昊建筑装饰材料有限公司,企业,京ICP备12012806号-1,北京友和建昊建筑装饰材料有限公司,www.yohobj.com,2018-05-22 00:00:00
polarsunmotor.com,中顺汽车控股有限公司,企业,辽ICP备12009923号-1,中顺汽车控股有限公司,www.polarsunmotor.com,2017-08-11 00:00:00
st-jinhai.com,汕头市金海建筑有限公司装饰分公司,企业,粤ICP备05062359号-1,汕头市金海建筑有限公司装饰分公司,www.st-jinhai.com,2011-06-21 00:00:00
dj963.com,孙树平,个人,鄂ICP备16008314号-2,再生资源回收,www.huishouai.com,2018-03-26 00:00:00
zhqstc.com,广东省珠海市质量技术监督标准与编码所,事业单位,粤ICP备11012051号-5,珠海市质安技术职业培训学校,www.zhqstc.com,2012-06-25 00:00:00
shlinuo.com,上海利诺酒店用品有限公司,企业,沪ICP备05037384号-1,上海利诺酒店用品有限公司,www.shlinuo.com,2019-03-27 00:00:00
goemex.com,苏州剑桥展览商务有限公司,企业,苏ICP备16057877号,苏州剑桥展览商务有限公司,www.goemex.com,2016-11-17 17:20:58
shamowang.com,新疆京海信息网络工程有限公司沙漠王汽车俱乐部,企业,新ICP备17000518号-1,新疆京海信息网络工程有限公司沙漠王汽车俱乐部,www.shamowang.com,2018-03-28 00:00:00
gogoxj.com,宋玲,个人,粤ICP备11017722号-1,宋玲个人主页,www.gogoxj.com,www.gogoxj.cn,2017-05-20 00:00:00
jiadev.com,上海嘉德阀门制造有限公司,企业,沪ICP备09012438号,上海嘉德阀门制造有限公司,www.jiadev.com,2018-11-21 00:36:01
szheg.com,深圳市浩格电子仪器公司,企业,粤ICP备08027337号-1,深圳市浩格电子仪器有限公司,www.szheg.com,2008-06-12 00:00:00
ba27.com,慈溪市景安文化传播工作室,企业,浙ICP备15017658号-1,景安工作室,www.e393.com,2015-08-12 00:00:00
sxshu.com,秦兴兰,个人,闽ICP备16035159号-1,迪亚斯网,www.tai5888.com,2016-12-02 00:00:00
cgdlj.com,陕西省城固县电力局,企业,陕ICP备05015230号-1,陕西省城固县电力局,www.cgdlj.com,2018-09-14 00:00:00
fi-china.com,第一直觉（烟台）教育咨询有限公司,企业,鲁ICP备16045719号-2,第一直觉,www.fi-china.com,2018-06-09 00:00:00
ablesino.com,常州乐仁模型制造有限公司,企业,苏ICP备11016535号-1,常州乐仁模型制造有限公司,www.china-model-train.com,2018-12-15 00:00:00
cnpingai.com,烟台平爱生物科技有限公司,企业,鲁ICP备13000965号-1,烟台平爱生物科技有限公司,www.cnpingai.com,2019-07-27 00:00:00
zyx9000.com,北京振业兴管理体系认证有限公司,企业,京ICP备05073637号-1,www.zyx9000.com,www.zyx9000.com,2017-09-07 00:00:00
ourselec.com,北京奥尔斯教育科技有限公司,企业,京ICP备18042520号-1,北京奥尔斯,www.ourselec.com,2018-08-15 00:00:00
dalianpower.com,大连森垚机电技术有限公司,企业,辽ICP备10005251号-4,电力产品网,www.dlpower.cn,2019-06-03 00:00:00
china-progress.com,上海璞格环保科技有限公司,企业,沪ICP备16030564号-1,上海璞格环保科技有限公司,www.china-progress.com,2019-06-27 00:00:00
quanshiphoto.com,彭于峰,个人,黔ICP备15009202号-1,诠释网,www.quanshiphoto.com,2016-07-28 00:00:00
xhzuanji.com,河北新钻钻机有限公司,企业,冀ICP备08107957号-3,河北新钻钻机有限公司,www.xhzuanji.com,2018-09-12 00:00:00
hyjcjx.com,张家港市华源建材机械有限公司,企业,苏ICP备06009685号-1,张家港市华源建材机械有限公司,www.hyjcjx.com,2017-05-08 00:00:00
olihe.com,北京天佑创想网络技术有限公司,企业,京ICP备15024423号-5,活力盒,www.olihe.com,2019-03-29 00:00:00
zgcpzx.com,北京中彩在线投资顾问有限公司,企业,京ICP备06036655号-1,彩票在线,www.zgcpzx.com,2019-06-20 00:00:00
dragonshostel.com,鑫茂宾馆有限公司_dragonshostel_com,个人,京ICP备07024449号-1,九龙坊,dragonshostel.com,2015-12-16 00:00:00
dgsyl.com,东莞市圣伊莉服装有限公司,企业,粤ICP备11015065号-1,东莞市圣伊莉服装有限公司,www.dgsyl.com,2019-06-12 00:00:00
xyjianshejx.com,郑州市天赐重工机械有限公司,企业,豫ICP备11004472号-4,郑州市天赐重工机械有限公司,www.xyjianshejx.com,www.jzdq.cn,www.hnyjfsb.com,2017-01-06 00:00:00
f1-z.com,北京蓝博天翔商贸有限公司,企业,京ICP备11035917号-1,蓝色动力汽车改装,www.f1-z.com,2018-09-10 00:00:00
zyt17.com,深圳市中仪通科技有限公司,企业,粤ICP备12018439号-1,深圳市中仪通科技有限公司,www.zyt17.com,2018-05-30 00:00:00
yydlc.com,沈阳岳阳电缆有限公司,企业,辽ICP备14007488号-1,沈阳岳阳电缆有限公司,www.yuecable.com,2019-04-08 00:00:00
nj-jintao.com,南京金陶耐磨管道有限公司,企业,苏ICP备05023727号-1,南京金陶耐磨管道有限公司,www.nj-jintao.com,2011-05-30 00:00:00
sanxing-calorique.com,哈尔滨三星凯莱瑞克采暖有限公司,企业,黑ICP备11004679号-1,哈尔滨三星凯莱瑞克采暖有限公司,www.sanxing-calorique.com,www.dianremo.com,www.diancainuan.com,2013-06-07 00:00:00
picook.com,陶永利,个人,冀ICP备12022886号-3,PICOOK,www.picook.com,2017-06-06 00:00:00
computer-bag.com,深圳市宝安区新安适展贸易商行,企业,粤ICP备17060405号-1,深圳市宝安区新安适展贸易商行,www.computer-bag.com,2019-09-27 00:00:00
sjzwto.com,河北三和时代律师事务所,社会团体,冀ICP备14012266号-1,河北三和时代律师事务所,www.sanheshidai.com,2019-07-27 00:00:00
tiangm.com,武汉天工美建筑景观规划设计有限公司,企业,鄂ICP备2021005817号-1,武汉天工美,www.tiangm.com,2021-04-07 10:34:08
kel-international.com,广州市番禺区市桥街其利建设园林景观设计室,企业,粤ICP备09137376号-1,广州市番禺区市桥街其利建设园林景观设计室,wwwkel-international.com,2009-07-23 00:00:00
rc0735.com,长沙晋大人力资源开发有限公司,企业,湘ICP备10000962号-4,郴州芙蓉人才网,www.rc0735.com,2017-10-13 00:00:00
sz-sunflowers.com,深圳市金阳光园林绿化有限公司,企业,粤ICP备14038667号-1,深圳市金阳光园林绿化有限公司,www.sz-sunflowers.com,2014-06-06 00:00:00
hnfengtai.com,河南丰泰大酒店管理有限公司,企业,豫ICP备12025456号-1,河南丰泰大酒店管理有限公司,www.hnfengtai.com,www.fengtaijiudian.com,2016-08-23 00:00:00
tz333.com,惠州市万诚实业有限公司,企业,粤ICP备08011939号-1,投资网,www.tz333.com,2014-04-04 00:00:00
1601200.com,徐春松,个人,苏ICP备09021723号-9,诚信网,www.szcxfw.com;www.agzgps.com;www.1601200.com;www.ayingsz.com,2014-05-22 08:57:14
yyyrose.com,昆明杨月季园艺有限责任公司,企业,滇ICP备06006503号-1,昆明杨月季园艺有限责任公司,www.yyyrose.com,2013-04-02 00:00:00
yuhongjn.com,山东昱宏生物科技有限公司,企业,鲁ICP备16024467号-2,山东昱宏生物科技有限公司,www.yuhongjn.com,2018-06-07 00:00:00
cnmek.com,沈阳伊容美容有限公司,企业,辽ICP备19009664号-1,沈阳伊容美容有限公司,www.cnmek.com,2020-03-17 00:00:00
cucbbs.com,柏晓玮,个人,湘ICP备18011165号-2,作业圈,www.cucbbs.com,2018-12-07 00:00:00
ustbsp.com,北京科大科技园有限公司,企业,京ICP备05020203号-1,Science Park of USTB,www.ustbsp.com,2019-11-22 00:00:00
tzfxdz.com,泰州凤讯电子工程设备有限公司,企业,苏ICP备11084048号-1,泰州凤讯电子工程设备有限公司,www.tzfxdz.com,2011-11-28 00:00:00
dynovision.com,北京大业嘉成科技有限公司,企业,京ICP备08102165号-1,大业嘉成,www.dynovision.com,2018-05-28 00:00:00
ahcyzs.com,安徽超跃装饰工程有限公司,企业,皖ICP备15005617号-1,安徽超跃装饰工程有限公司,www.ahcyzs.com,2015-04-07 00:00:00
simenghair.com,北京青丝梦发饰品店,企业,京ICP备16044301号-1,北京青丝梦发饰品店,www.simenghair.com,2020-07-31 00:00:00
dongshi.com,开天辟地网络科技（重庆）有限公司,企业,渝ICP备19001555号,懂事网,www.dongshi.com,2022-01-28 10:37:27
nyjdw.com,赵富生,个人,豫ICP备13001425号-11,喜好网,www.nyjdw.com,2014-06-25 00:00:00
sjjzq.com,无锡市神杰减震器有限公司,企业,苏ICP备14033218号,无锡市神杰减震器有限公司,www.wxsjjzq.com,2014-07-15 10:22:28
weilanshi.com,北京蔚蓝仕科技有限公司,企业,京ICP备16069255号,北京蔚蓝仕科技有限公司,www.weilanshi.com,2016-12-29 14:06:14
snscjt.com,遂宁市川剧团,事业单位,蜀ICP备06024422号,遂宁市川剧团,www.snscjt.com,2006-12-18 11:09:59
jl-house.com,江苏金岭木业有限公司,企业,苏ICP备19013422号-1,金岭家居,www.jl-house.com,2019-03-26 00:00:00
shzhongli.com,上海众里电子有限公司,企业,沪ICP备15001085号-1,上海众里电子有限公司,www.Shzhongli.com,2015-01-08 00:00:00
dahuilace.com,汕头市潮南区大辉实业有限公司,企业,粤ICP备09212387号-1,汕头市潮南区大辉实业有限公司,www.dahuilace.com,www.dhlace.cn,www.dahuilace8888.cn,2017-06-23 00:00:00
e-sic.com,永济虞舜旅游文化研究有限公司,企业,晋ICP备18013481号-19,永济虞舜旅游文化研究有限公司,www.ruiqi0351.com,2019-03-07 00:00:00
373zt.com,新乡市众通振动机械有限公司,企业,豫ICP备13018014号-1,新乡市众通振动机械有限公司,www.373zt.com,2019-10-23 00:00:00
shengshixinyi.com,烟台盛世新意建筑工程咨询管理有限公司,企业,鲁ICP备13018258号-1,烟台盛世新意建筑工程咨询管理有限公司,www.shengshixinyi.com,2020-04-01 00:00:00
zjajbn.com,浙江阿杰邦尼服饰有限公司,企业,浙ICP备18045680号-1,浙江阿杰邦尼服饰有限公司,www.zjajbn.com,2018-10-24 00:00:00
5ddog.com,关晓东,个人,蒙ICP备15001671号-1,北方方言网,www.5ddog.com,2019-03-26 16:26:04
tynjl.com,太原市建东农家乐庄园有限公司,企业,晋ICP备14000254号-1,太原宇文农家乐山庄,www.tynjl.com,2019-03-13 00:00:00
lampfind.com,深圳市佳创网络技术有限责任公司,企业,粤ICP备12070975号-4,佳创网络技术公司网站,www.lampfind.com,2018-05-11 00:00:00
topocn.com,陈良军,个人,湘ICP备08100358号-28,设计参考,topocn.com,2017-08-11 00:00:00
szcyj.com,昆山茗峰茶业经营管理有限公司,企业,苏ICP备14012630号-1,昆山茗峰茶业经营管理有限公司,www.szcyj.com,2019-05-12 00:00:00
82316.com,成都市幻科互动网络科技有限公司,企业,蜀ICP备19001535号-2,成都市幻科互动网络科技有限公司,www.82316.com,2020-05-21 00:00:00
konchpharma.com,湖州康企药业有限公司,企业,浙ICP备16004599号-1,湖州康企药业有限公司,www.konchpharma.com,2017-02-20 00:00:00
625400.com,胡志毅,个人,蜀ICP备05019852号-1,石棉热线,www.smren.com,www.625400.com,2018-06-03 00:00:00
910zs.com,冯家验,个人,黔ICP备15015579号-2,学校招生网,www.910zs.com,2015-11-18 00:00:00
cztsw.com,湖南新尚传播有限公司,企业,湘ICP备13008005号-3,长沙新尚传播有限公司,www.cztsw.com,2018-03-20 00:00:00
he-gz.com,广州合升机电设备有限公司,企业,粤ICP备08013988号-1,广州合升机电设备有限公司官方网站,www.he-gz.com,2013-11-05 00:00:00
hzjinte.com,杭州锦特电子科技有限公司,企业,浙ICP备14002448号-1,杭州锦特电子科技有限公司,www.hzjinte.com,2019-06-25 00:00:00
alpha-gold.com,北京黄金台网络科技有限公司,企业,京ICP备17039479号-1,黄金智投,www.alpha-gold.com,2019-02-22 00:00:00
j-sh.com,上海紫归店视网络科技有限公司,企业,沪ICP备08110358号-10,集上海,www.j-sh.com,2019-07-19 00:00:00
personhr.com,北京波森人才顾问有限责任公司,个人,京ICP备07029753号-1,北京波森人才顾问有限责任公司,www.personhr.com/,2016-08-10 00:00:00
cnjbxxa.com,巩义市鑫达供水材料有限公司,企业,豫ICP备11028250号-1,巩义市鑫达供水材料有限公司,www.cngdbcjt.com,www.gyxinda.com,www.cnxjjt.com,www.yzxjzhf.com,www.cnssjt.com,www.cnfstg.com,www.cnkgrxjt.com,www.cnxdcljt.com,www.cnyzxjzhf.com,www.cnjbxxa.com,2011-12-05 00:00:00
cqjybg.com,重庆市江源宾馆有限公司,企业,渝ICP备15006854号-1,重庆市江源宾馆有限公司,www.cqjybg.com,2018-12-30 00:00:00
shineanxin.com,湖北鄂州安信休闲用品有限公司,企业,鄂ICP备05015202号-1,安信休闲,www.shineanxin.com,2005-06-25 00:00:00
chndoc.com,南京东川科技有限公司,企业,苏ICP备06009949号-1,南京东川科技有限公司,chndoc.com,2016-11-02 00:00:00
hbxhgy.com,河北新华高压电器股份有限公司,企业,冀ICP备14014806号-1,河北新华高压电器股份有限公司,www.xhe-hv.com,2015-05-20 10:49:36
5utrans.com,北京信德雅同声翻译有限公司,企业,京ICP备08105003号-2,北京信德雅同声翻译有限公司,www.5utrans.com,www.5utrans.com.cn,www.5utrans.cn,www.xdytrans.cn,www.trans-all.cn,www.xdynet.cn,www.7x24fanyi.cn,2019-06-27 00:00:00
sxjy123.com,临汾联招教育咨询有限公司,企业,晋ICP备07004873号-1,临汾联招咨询网,www.sxjy123.com,2018-05-08 00:00:00
2tc.com,内江市云通网络科技有限公司,企业,蜀ICP备17028927号-2,内江市云通网络科技有限公司,www.ganmishi.com,www.68dj8.com,www.lecai0858.com,www.muonline.net.cn,www.2tc.com,2017-08-25 00:00:00
icsmar.com,深圳市福田区安特凌电子商行,企业,粤ICP备09042974号-1,深圳安特凌电子,aterlin.com,icsmar.com,qumeic.com,2014-02-19 00:00:00
xcxdzs.com,许昌兄弟装饰工程有限公司,企业,豫ICP备12015494号-1,许昌兄弟装饰工程有限公司,www.xcxdzs.com,2012-08-01 00:00:00
hfyhtex.com,四川华纺银华有限责任公司,企业,蜀ICP备15010819号-1,四川华纺银华有限责任公司,www.hfyhtex.com,2020-05-13 00:00:00
hnlcjp.com,郑州市二七区金城服饰广场雷超户外用品商贸行,企业,豫ICP备12008738号-1,郑州市二七区金城服饰广场雷超户外用品商贸行,www.hnlcjp.com,2018-03-15 00:00:00
langtaicnc.com,杭州朗泰机电设备有限公司,企业,浙ICP备09019816号-3,杭州朗泰机电设备有限公司,www.langtaicnc.com,2018-09-14 00:00:00
lsjnhb.com,福州绿色江南环保科技有限公司,企业,闽ICP备18013764号-1,福州绿色江南环保科技有限公司,www.lsjnhb.com,2019-12-25 00:00:00
shbeifu.com,上海倍福自动化科技有限公司,企业,沪ICP备11014005号-2,上海倍福自动化科技有限公司,www.shbeifu.com,2019-06-05 00:00:00
560sf.com,成都祺祺通信息技术有限公司,企业,蜀ICP备17018631号-29,祺祺通,www.sf2005.com,www.sf268.com,www.sf373.com,www.sf316.com,www.8ssf.com,www.77777sf.com,www.5zsf.com,www.560sf.com,www.857sf.com,www.623sf.com,2017-11-17 00:00:00
tdrhsy.com,北京天地人和摄影有限公司,企业,京ICP备18057769号,北京天地人和摄影有限公司,www.tdrhsy.com,2018-11-20 13:18:05
adcsb.com,广州市番禺区奥达超声波设备厂,企业,粤ICP备08113110号-1,广州市番禺区奥达超声波设备厂,www.adcsb.com,2016-08-11 00:00:00
casal-lighting.com,恺撒灯饰厂,企业,粤ICP备05031128号-1,恺撒灯饰厂,www.casal-lighting.com,2010-11-18 00:00:00
cembz.com,华盛昌纸箱厂,企业,粤ICP备09078075号-1,深圳市华盛昌纸箱厂,www.cembz.com,2009-05-13 00:00:00
debang-china.com,安平县德邦新型栅栏网厂,企业,冀ICP备13000976号,安平县德邦新型栅栏网厂,www.debang-china.com,2020-07-24 09:41:57
dsycg.com,金山大酒店,企业,浙ICP备05042927号-1,顶上泰国鱼翅,www.dsycg.com,2019-09-03 00:00:00
360kbl.com,深圳市科百隆实业有限公司,企业,粤ICP备07514584号-5,科百隆专业器材,www.360kbl.com,2018-06-07 00:00:00
sh-qxbj.com,上海祥文管道清洗服务有限公司,个人,沪ICP备09026043号-1,上海祥文管道清洗服务有限公司,www.sh-qxbj.com,2019-08-21 00:00:00
jkwyh.com,上海盖尔玛商贸有限公司,企业,沪ICP备07506363号-2,全国科学健康培训专业委员会--中国营养咨询师网,www.jkwyh.com/default.htm,2015-03-31 00:00:00
junqingguanchashi.com,田林林,个人,鲁ICP备14000921号-1,听雨赏泉,www.hebeirenshikaoshiwang.com,2014-01-13 00:00:00
xinxingshop.com,山东新星集团有限公司,企业,鲁ICP备10011372号,山东新星集团,www.xinxingshop.com,2020-04-10 10:37:30
ake-lighting.com,江门市阿科照明电器有限公司,企业,粤ICP备19058628号-1,江门市阿科照明电器有限公司,www.ake-lighting.com,2019-05-31 09:56:40
baolilai.com,金华市婺城区宝丽来摄影冲印工作室,企业,浙ICP备19045729号,宝丽来摄影,www.baolilai.com,2019-11-07 16:11:22
18stop.com,王明安,个人,豫ICP备20008540号,老男人,www.18stop.com,2020-04-03 10:04:57
fc0538.com,山东华励网络科技有限公司,企业,鲁ICP备13012280号-1,山东华励网络科技有限公司泰安房产网,www.taianfcw.com,2018-11-05 00:00:00
17fbw.com,四川鼎商企业营销策划有限公司,企业,蜀ICP备13025796号-1,四川鼎商企业营销策划有限公司,www.17fbw.com,www.4000909178.com,2019-08-09 00:00:00
zcxuang.com,深圳市中诚旭昂科技有限公司,企业,粤ICP备20001250号-1,深圳市中诚旭昂科技有限公司,www.zcxuang.com,2020-01-06 14:26:17
52jjxxw.com,珠海俊晖模具配件经营部,企业,粤ICP备09193947号-4,邦哥地漏 ; 一凡灯饰 ;我爱家居信息网,www.dlbg168.com,www.yifands.com,www.52jjxxw.com,2016-12-12 00:00:00
bjlaw369.com,张莉,个人,京ICP备10009062号-1,房产律师网,www.bjlaw369.com,2017-04-18 00:00:00
007sm.com,苏清洋,个人,闽ICP备16021070号-2,007数码,www.007sm.com,2019-03-26 00:00:00
94art.com,单国平,个人,浙ICP备13000231号,美术教研网,www.94art.com,2014-02-13 16:36:06
zhhanke.com,珠海市汉科空调净化工程有限公司,企业,粤ICP备14012045号-1,珠海市汉科空调净化工程有限公司,www.zhhanke.com,2017-09-08 00:00:00
ljzsw.com,云南开艳建筑装饰有限公司,企业,滇ICP备17000686号-3,丽江装饰网,www.ljzsw.com,2020-02-21 00:00:00
bridetown.com,张家港喜多坊礼服有限公司,企业,苏ICP备11034637号-5,张家港喜多坊礼服有限公司旗下喜满堂,www.bridetown.com,2018-05-10 00:00:00
itessay.com,刘松辉,个人,蜀ICP备16032428号-1,it随笔,www.itessay.com,2019-11-22 00:00:00
gzcwd.com,贵州卡特能幕墙工程有限公司,企业,黔ICP备18006394号-2,贵州卡特能幕墙工程有限公司,www.gzcwd.com,2019-03-06 00:00:00
yichucable.com,上海麦香网络科技有限公司,企业,沪ICP备13030960号-2,上海麦香网络科技有限公司,www.yichucable.com,2019-10-09 00:00:00
dgcmxj.com,东莞昌盟鞋机配件,企业,粤ICP备09203587号-1,东莞昌盟鞋机配件,www.dgcmxj.com,2009-11-24 00:00:00
sjlzds.com,李雪丽,个人,豫ICP备08103472号-1,新乡市升基利设备制造有限公司,www.sjlzds.com,2016-11-14 00:00:00
benxi315.com,本溪惠泽信息中心,企业,辽ICP备10018629号-1,本溪诚信网,benxi.11315.com,2010-06-11 00:00:00
jhrayy.com,金华仁爱门诊部,企业,浙ICP备14033576号-4,金华仁爱妇科,www.jhrayy.com,2017-12-18 00:00:00
jolyorchid.com,吉安卓力园艺投资有限公司,企业,赣ICP备09004476号-1,吉安卓力园艺投资有限公司,www.jolyorchid.com,2016-07-15 00:00:00
jcfls.com,涟水金城外国语学校,社会团体,苏ICP备11041164号-1,涟水金城外国语学校,www.jcfls.com,2016-04-19 00:00:00
jingchuangfang.com,北京精创坊工艺制品有限公司,企业,京ICP备10004106号-1,生态壁画网,www.jingchuangfang.com,2018-05-28 00:00:00
yc0769.com,东莞市亚昌网络科技有限公司,企业,粤ICP备12061248号-1,东莞市亚昌网络科技有限公司,www.yc0769.com,2012-08-17 00:00:00
weiyanba.com,青岛北春旅行社有限公司,企业,鲁ICP备10016204号-1,青岛北春旅行社有限公司,www.weiyanba.com,2019-08-10 00:00:00
xshuashua.com,上海耀沁工业设备有限公司,企业,沪ICP备13029344号-3,上海耀沁工业设备有限公司,www.xshuashua.com,2018-12-23 00:00:00
greatimber.com,大厂宏海木业有限公司,个人,京ICP备06000763号-1,大厂宏海木业有限公司,www.greatimber.com,2010-01-07 11:21:31
0757cfw.com,陈兴兰,个人,鄂ICP备12007364号-1,厂房网,www.0757cfw.com,2014-12-26 00:00:00
cnhr001.com,石家庄市裕华区人力资源市场,事业单位,冀ICP备15022155号-1,河北省石家庄裕华区人才网,www.cnhr001.com,2015-09-11 00:00:00
nf-fashion.com,大丰市南峰服饰广场,企业,苏ICP备09027258号-1,大丰市南峰服饰广场,www.nf-fashion.com,2019-04-02 00:00:00
zgymzx.com,湖南渔米之湘食品有限公司,企业,湘ICP备12002121号-1,湖南渔米之湘食品有限公司,www.zgymzx.com,2012-08-08 00:00:00
cnpnchem.com,晋江市先锋精细化工有限公司,企业,闽ICP备07043803号-1,晋江市先锋精细化工有限公司,www.cnpnchem.com,2018-03-14 00:00:00
qianweb.com,安顺市黔途文化传播有限公司,企业,黔ICP备12001762号-1,黔网,www.qianweb.com,www.qianweb.net,2017-07-05 00:00:00
hrbtaishan.com,哈尔滨鸿岐木制文具有限公司,企业,黑ICP备14001717号-1,哈尔滨鸿岐木制文具有限公司,www.hrbtaishan.com,2017-06-29 00:00:00
mbs8.com,曾肇安,个人,京ICP备06040247号-1,门博士,www.mbs8.com,2019-06-28 00:00:00
yz-kd.com,扬州市康都汽车附件有限公司,企业,苏ICP备15017212号,扬州市康都汽车附件有限公司,www.yz-kd.com,2015-04-17 10:30:21
china-huaijiu.com,贵州怀酒厂,企业,黔ICP备08000213号-1,贵州怀酒厂,www.china-huaijiu.com,2010-10-25 00:00:00
shjxh.com,天津市津门沽上书画院,社会团体,津ICP备10003717号-1,书画家协会,www.shjxh.com,2010-04-08 00:00:00
jiangyinchina.com,江阴市澄北圈客宝网络技术服务中心,企业,苏ICP备15043999号-4,江阴互联,www.jiangyinchina.com,2019-03-25 00:00:00
hhwmw.com,柴锁林,个人,晋ICP备10003308号-1,黄河文明网,www.hhwmw.com,2010-03-25 00:00:00
shboya.com,上海博亚厨具有限公司,企业,沪ICP备14019231号-1,上海博亚厨具有限公司,www.shboya.com,2018-12-10 00:00:00
xylawan.com,北京市朝阳区金盏乡程伟平建材商店,企业,京ICP备11022834号-1,北京市朝阳区金盏乡程伟平建材商店,www.xylawan.com,2019-07-29 00:00:00
kg10000.com,四川空港国际旅行社有限公司,企业,蜀ICP备09002757号-1,空港旅游网,www.kg10000.com,2019-08-16 00:00:00
maximware.com,李桂平,个人,湘ICP备11020538号-2,盘诚格志,www.maximware.com,2019-05-16 00:00:00
yuxinguoji.com,陕西钰鑫生物科技有限公司,企业,陕ICP备16010643号-1,陕西钰鑫生物科技有限公司,www.yuxinguoji.com,2019-04-19 00:00:00
sqqyg.com,郝志岭,个人,豫ICP备12007016号-8,成功之路,www.sqqyg.com,2013-08-20 00:00:00
wynianfot.com,安徽省宣城市宣州区双塘念佛堂,社会团体,皖ICP备14016915号-2,呼吸五音念佛堂,www.wynianfot.com,2019-05-16 00:00:00
kdhaitang.com,临沂市河东区凯达北美海棠繁育场,企业,鲁ICP备16016873号-1,临沂市河东区凯达北美海棠繁育场,www.kdhaitang.com,2020-07-07 00:00:00
photo-3.com,一二三（北京）文化传媒有限公司,企业,京ICP备15054560号-2,123摄影,www.photo-3.com,2016-04-01 00:00:00
keynes-soft.com,上海凯源软件技术有限公司,企业,沪ICP备07015670号-1,上海凯源软件技术有限公司网站,www.keynes-soft.com,2019-05-10 00:00:00
gonsif.com,郑州国安赛福科技有限公司,企业,豫ICP备11001713号-1,郑州国安赛福科技有限公司,www.gonsif.com,2019-10-19 00:00:00
82xs.com,徐世华,个人,黔ICP备13003639号-3,资讯网,www.yy58998.com,2013-08-15 00:00:00
encorebooking.com,北京神舟国际旅行社集团有限公司马连道门市部,企业,京ICP备14046017号-1,北京神州国际旅行社集团有限公司马连道门市部,www.encorebooking.com,2015-12-16 00:00:00
apwiremesh-machine.com,安平县利沃丝网机械制造有限公司,企业,冀ICP备18029039号,安平县利沃丝网机械制造有限公司,www.apwiremesh-machine.com,2018-09-25 14:22:50
led-zh.com,陈守建,个人,粤ICP备11050170号-1,陈守建,www.led-zh.com,2011-06-30 00:00:00
yihongyacht.com,厦门市毅宏集团投资有限公司,企业,闽ICP备10009382号-1,毅宏游艇官方网站,www.yihongyacht.com,2018-05-22 00:00:00
tzcskt.com,泰州长盛中央空调工程有限公司凤凰园分公司,企业,苏ICP备16003346号-1,泰州长盛中央空调工程有限公司凤凰园分公司,www.tzcskt.com,2016-01-21 00:00:00
siitc.com,上海盈努国际贸易有限公司,企业,沪ICP备05042601号-1,SIITC,www.siitc.com,2018-08-31 00:00:00
tjydfs.com,天津市南开区意得浦绮服饰厂,企业,津ICP备12002314号-1,天津意得浦绮服饰,www.tjydfs.com,2019-06-26 00:00:00
suzhmba.com,南京华章管理咨询有限公司,企业,苏ICP备09005214号-1,南京华章管理咨询有限公司,www.suzhmba.com,2017-12-28 00:00:00
key-ic.com,深圳市格运电子有限公司,企业,粤ICP备09051160号-1,深圳市格运电子有限公司,key-ic.com,2009-04-20 00:00:00
newead.com,保定市新意广告有限公司,企业,冀ICP备15009342号-1,保定市新意广告有限公司,www.newead.com,2015-04-29 00:00:00
xinyudi.com,李明迪,企业,辽ICP备07005768号-1,宇迪空调,www.xinyudi.com,2020-01-07 00:00:00
laziyu.com,陈庆磁,个人,粤ICP备18077849号,追影的我,www.laziyu.com,2021-12-24 15:36:48
mylzz.com,绵阳市游仙区靓指吟足道,企业,蜀ICP备12022131号-1,靓指吟足道,www.mylzz.com,www.mylzz.net,www.mylzy.cn,www.mylzz.cn,2017-11-06 00:00:00
66766880.com,郑州昌晖自动化仪表有限公司,企业,豫ICP备18038728号-1,昌晖自动化,www.66766880.com,2019-12-18 00:00:00
cdhswy.com,成都弘盛金属网业有限公司,企业,蜀ICP备11008319号,成都弘盛金属网业有限公司,www.cdhswy.com,2017-10-27 09:30:11
chinawaterenv.com,林文娣,个人,闽ICP备08106286号-3,水环境网,www.chinawaterenv.com,2010-11-01 00:00:00
xzcdedu.com,徐州市城东实验小学,事业单位,苏ICP备09023127号-1,徐州市城东实验小学教育网,www.xzcdedu.cn,2019-05-09 00:00:00
jinya88.com,浙江金嵩电气有限公司,企业,浙ICP备12027558号-1,乐清市金亚电器有限公司,www.jinyadq.com,2017-12-25 00:00:00
m1800.com,北京掌上娱科技有限公司,企业,京ICP备19047529号,北京掌上娱科技,www.m1800.com,2019-10-22 13:59:57
ljyinggu.com,胡宗杰,个人,滇ICP备09008614号-1,丽江映古客栈,www.ljyinggu.com,2016-07-08 00:00:00
200280.com,福州绚彩服饰有限公司,企业,闽ICP备09024530号-5,福州绚彩服饰有限公司,www.200280.com,2018-09-20 00:00:00
sunspl.com,孙珊珊,个人,粤ICP备10238365号-1,好多网址,www.sunspl.com,www.99810.net,2017-10-31 00:00:00
ljjsg.com,万荣华,个人,粤ICP备12089791号-1,连接旧时光,www.ljjsg.com,2016-09-18 00:00:00
o-dian.com,成都鑫盛世科技有限公司,企业,蜀ICP备14020810号-1,成都鑫盛世科技有限公司,www.o-dian.com,www.0-dian.com,2020-07-11 00:00:00
hbdssj.com,湖北迪赛文化传播有限公司,企业,鄂ICP备11010866号-1,湖北迪赛文化传播有限公司,www.hbdssj.com,2019-04-29 00:00:00
kehengxing.com,北京市科恒兴科技有限公司,企业,京ICP备05018329号-1,北京市科恒兴科技有限公司,kehengxing.com,2019-08-15 00:00:00
ssgclub.com,北京合众万兴投资顾问有限公司,企业,京ICP备12013871号-1,合众会俱乐部,www.ssgclub.com,2018-11-30 00:00:00
yikexm.com,宜科（厦门）自动化设备有限公司,企业,闽ICP备13013122号-1,宜科自动化设备,www.yikexm.com,2018-05-25 00:00:00
gps600.com,厦门港宝电子科技有限公司,企业,闽ICP备10005248号-4,厦门港宝电子科技有限公司,www.gps600.com,2014-11-26 00:00:00
qtsshz.com,北京擎天盛世影视文化有限公司,企业,京ICP备09039196号-1,北京擎天盛世影视文化有限公司,www.qtsshz.com,2019-06-04 00:00:00
epsssm.com,恩平市丽韵音响器材厂,企业,粤ICP备11007879号-1,恩平市丽韵音响器材厂,www.epsssm.com,2015-12-11 00:00:00
hgbwg.com,黄冈市博物馆,事业单位,鄂ICP备13003374号-1,黄冈市博物馆,www.hgbwg.com,2017-07-18 00:00:00
bt-xyjx.com,btxyjx鑫业机械,个人,冀ICP备06016390号-1,btxyjx鑫业机械,bt-xyjx.com,2018-10-18 00:00:00
zdtpack.com,深圳市薛氏科技有限公司,企业,粤ICP备10048134号-1,正德堂设计,www.zdtpack.com,www.正德堂设计.com,2012-07-20 00:00:00
yue-led.com,深圳市昱申科技有限公司,企业,粤ICP备09079767号-1,深圳市昱申科技有限公司,www.100led.com,2018-05-11 00:00:00
caicai98.com,莆田市微启点文化传媒有限公司,企业,闽ICP备15003096号-7,朋友圈,www.comeswxstorebuys.cn,2016-11-14 00:00:00
jtgs315.com,武汉九同工商咨询有限公司,企业,鄂ICP备12015135号-1,武汉九同工商咨询有限公司,www.jtgs315.com,2018-02-28 00:00:00
oaiqq.com,何庆忠,个人,桂ICP备11002783号-8,我爱qq站,www.oaiqq.com,2019-06-12 00:00:00
xinnengsolar.com,浙江芯能光伏科技有限公司,企业,浙ICP备09080952号-2,浙江芯能光伏科技有限公司,www.xinnengsolar.com,2013-05-15 00:00:00
sero18.com,南京卓欧自控科技有限公司,企业,苏ICP备09097764号-3,南京卓欧自控科技有限公司,www.sero18.com,2017-07-13 00:00:00
excelwaygroup.com,广州卓途咨询顾问有限公司,企业,粤ICP备14010739号-2,卓途猎头,www.excelwaygroup.com,2014-09-25 00:00:00
auto3w.com,常州市中环互联网信息技术有限公司,企业,苏ICP备05049784号-2,常州市中环互联网信息技术有限公司,www.easy-export.net,www.auto3w.com,2018-07-24 00:00:00
cm57.com,徐洪伟,个人,苏ICP备15002471号-1,徐洪伟的个人主页,www.cm57.com,2018-07-02 00:00:00
jjzhtc.com,北京盛兴京吉字画陶瓷文化传媒有限公司,企业,京ICP备13030405号-1,北京盛兴京吉字画陶瓷文化传媒有限公司,www.jjzhtc.com.cn,2019-06-25 00:00:00
ecomcase.com,E.COM COMPUCASE CO.,LTD.,企业,粤ICP备11083399号-1,E康网,www.ecomcase.com,2017-08-21 00:00:00
cnlhh.com,哈尔滨亚城科技有限公司,企业,黑ICP备14003146号-3,亚城科技,www.cnlhh.com,2018-09-03 00:00:00
czxwyh.com,常州市西王裕华电子有限公司,企业,苏ICP备05024857号-1,常州市西王裕华电子有限公司,www.czyh.com,www.czyh.cn,www.czxwyh.com,2018-07-30 00:00:00
hobby-game.com,北京概念之舟科技有限责任公司,企业,京ICP备12032492号-1,战锤模型网,www.hobby-game.com,2016-07-08 00:00:00
bjitsm.com,北京天强环宇科技发展有限公司,企业,京ICP备17020085号-1,北京天强环宇科技发展有限公司,www.bjitsm.com,2019-03-20 00:00:00
jmyshl.com,既鸣艺术画廊,个人,鲁ICP备06027739号-1,既鸣艺术画廊,www.jmyshl.com,2016-11-25 00:00:00
gxy123.com,北京金达中慧科技发展有限公司,企业,京ICP备14049903号,北京金达中慧科技发展有限公司,www.gxy123.com,2021-09-15 09:57:34
jxclub360.com,郑州博信文化传播有限公司,企业,豫ICP备11025088号-1,郑州博信文化传播有限公司,www.jxclub360.com,2011-09-08 00:00:00
china-gzmg.com,南通市崇川区喜临门搬家服务部,企业,苏ICP备11030011号-1,南通市崇川区喜临门搬家服务部,www.ntthkxdd.com,2017-02-28 00:00:00
jzhaiman.com,锦州市海漫轻钢彩板有限公司,企业,辽ICP备09007034号-1,锦州市海漫轻钢彩板有限公司,www.jzhaiman.com,2017-05-12 00:00:00
banjin365.com,李殿雨,个人,冀ICP备09029197号-1,钣金网,www.banjin365.com,2018-10-17 00:00:00
liuqicha.com,六安市六齐茶业有限公司,企业,皖ICP备16011618号,六安市六齐茶业有限公司,www.liuqicha.com,2016-06-14 09:40:24
bl-cd.com,成都必蓝科技发展有限公司,个人,蜀ICP备06013157号-1,成都必蓝科技发展有限公司,www.必蓝.cn,2012-02-21 00:00:00
xuezhongxian.com,北京雪中鲜餐饮有限公司,企业,京ICP备09078758号-1,雪中鲜餐饮有限公司,www.xuezhongxian.com,2015-03-03 00:00:00
haikou88.com,海南寰宇通翻译有限公司,企业,琼ICP备09001626号-2,海口生活网,www.haikou88.cn,2019-01-16 00:00:00
zyyled.com,深圳市中远洋投资发展有限公司,企业,粤ICP备13080676号-1,深圳市中远洋投资发展有限公司,www.zyyled.com,2018-08-17 00:00:00
caifu6688.com,南京问天贸易有限公司,企业,苏ICP备10037466号-1,和信个人创业系统,www.51tt365.com,2018-06-05 00:00:00
flet-sz.com,深圳市伟创立五金有限公司,企业,粤ICP备10094187号-1,深圳市伟创立五金有限公司,www.flet-sz.com,2018-01-26 00:00:00
jiaweita.com,成都佳惟他农业有限公司,企业,蜀ICP备11004251号-1,成都佳惟他农业有限公司,www.jiaweita.com,2018-01-29 00:00:00
xinyuanjt.com,山东新沅生物科技有限公司,企业,鲁ICP备15012797号-1,山东新沅生物科技有限公司,www.xinyuanzj.com,2018-10-08 00:00:00
clp001.com,深圳市科浦家政服务部,企业,粤ICP备10078282号-1,深圳市科浦家政服务部,www.clp001.com,2010-04-29 00:00:00
q512.com,熊良东,个人,蜀ICP备14032453号-2,新鲜无聊,www.q512.com,2017-07-24 00:00:00
shenmu120.com,神木县博睿电脑科技有限公司,企业,陕ICP备09011796号-3,神木健康网,www.shenmu120.com,2018-03-06 00:00:00
ycblgc.com,盐城市张庄玻璃钢厂,企业,苏ICP备19024120号,盐城市张庄玻璃钢厂,www.ycblgc.com,2019-05-15 10:40:39
gftsoft.com,深圳市金飞跃智能股份有限公司,企业,粤ICP备19137314号,深圳市金飞跃智能股份有限公司,www.gftsoft.com,2019-10-30 10:04:11
12ysw.com,陈健,个人,皖ICP备15017922号-1,我喜欢养生,www.12ysw.com,2019-04-17 00:00:00
sckyyl.com,四川省科源园林工程有限公司,企业,蜀ICP备16008538号,四川省科源园林工程有限公司,www.sckyyl.com,2018-12-29 16:32:02
gyhongs.com,高要市信息中心,政府机关,粤ICP备09164358号-17,高要市宏盛服装,www.gyhongs.com,2018-03-20 00:00:00
szsmhbzs.com,深圳市森茂环保工程有限公司,企业,粤ICP备11020839号,深圳市森茂环保工程有限公司,www.szsmhbzs.com,2017-04-06 11:16:44
xihutaxi.com,深圳市小汽车出租有限公司,个人,粤ICP备07006989号-1,www.xihutaxi.com,www.xihutaxi.com,2013-11-22 00:00:00
time98.com,文山伟华商务服务有限公司,企业,滇ICP备19002630号-7,文山伟华商务服务有限公司,www.bikuaiet.com,2019-04-16 00:00:00
elitefirst-elearning.com,上海瀚睿商务咨询有限公司,企业,沪ICP备08112793号-4,上海瀚睿商务咨询有限公司,www.elitefirst-elearning.com,2015-04-29 00:00:00
sinocpl.com,大庆市大正房地产开发有限公司,企业,黑ICP备06008691号-1,大庆市大正房地产开发有限公司,www.sinocpl.com,2006-11-23 00:00:00
dz5688.com,杨秋英,个人,粤ICP备13021643号,大众饰品,www.dz5688.com,2013-04-09 15:13:49
nalaiba.com,向杰,个人,湘ICP备10005993号-1,来吧视觉网址导航,www.nalaiba.com,www.nalaiba.net,2019-04-25 00:00:00
whjfgl.com,武汉江富锅炉备件制造有限公司,企业,鄂ICP备10004553号-1,武汉江富锅炉备件制造有限公司,www.whjfgl.com,2017-03-31 00:00:00
mybj666.com,北京博政翔房地产经纪有限公司,企业,京ICP备10021513号-1,搬家信息网,www.mybj666.com,2017-10-19 00:00:00
jzynhq.com,焦作玉牛衡器厂,企业,豫ICP备09031693号-1,焦作玉牛衡器厂,www.jzynhq.com,2009-09-21 00:00:00
xjbaowen.com,廊坊相杰保温材料有限公司,企业,冀ICP备16015502号-1,廊坊相杰保温材料有限公司,www.xjbaowen.com,2016-12-08 00:00:00
918it.com,高蓬,个人,冀ICP备14002771号-1,918it网,www.918it.com,2014-03-21 00:00:00
cnmqw.com,济南邦盟信息技术有限公司,企业,鲁ICP备09002220号-8,名企网,www.cnmqw.com,2019-11-08 00:00:00
txysmjj.com,昆明市官渡区同心园家具经营部,企业,滇ICP备12005335号-1,昆明市官渡区同心园家具经营部,www.txysmjj.com,2012-10-09 00:00:00
longmaxy.com,山西远东国际旅行社有限公司,企业,晋ICP备13001403号-1,山西远东国际旅行社有限公司,www.longmaxy.com,2015-08-21 00:00:00
rpnails.com,湖北足神健康管理有限公司,企业,鄂ICP备19003619号-6,湖北足神健康管理有限公司,www.smarlex.com,2019-04-15 00:00:00
hongxinbio.com,深圳市宏信生物技术有限公司,企业,粤ICP备11060911号-1,深圳市宏信生物技术有限公司,www.hongxinbio.com,2015-08-25 00:00:00
cyzz56.com,上海美毅物流有限公司,企业,沪ICP备12007325号-1,上海美毅物流有限公司,www.cybj56.com,2018-11-30 00:00:00
baligoujingqu.com,河南省八里沟景区有限公司,企业,豫ICP备12025486号-2,河南省八里沟景区,www.baligoujingqu.com,2012-12-12 00:00:00
sh-tianma.com,上海田玛机电设备有限公司,企业,沪ICP备13011938号-1,上海田玛机电设备有限公司,www.sh-tianma.com,2018-10-10 00:00:00
diwuda1.com,于洪超,个人,豫ICP备12013364号-1,爱可登小爱,www.diwuda1.com,2017-08-07 00:00:00
sh-liusheng.com,上海柳升窗饰制品有限公司,企业,沪ICP备10002358号-1,上海柳升窗饰制品有限公司,www.sh-liusheng.com,www.shliusheng.com,2019-09-05 00:00:00
jyqianshou.com,济源市北海牵手婚庆服务部,企业,豫ICP备12008392号-1,济源市北海牵手婚庆服务部,www.jyqianshou.com,2018-03-12 00:00:00
bxgyzl.com,本溪光远环境工程有限公司,企业,辽ICP备10007266号-1,本溪光远环境工程有限公司,www.bxgyzl.com,2017-03-14 00:00:00
gztlms.com,广州市真光中学,事业单位,粤ICP备16038469号,广州市真光中学,www.gztlms.com,2019-07-10 08:56:04
ztcpipe.com,深圳正天成进出口有限公司,企业,粤ICP备10222153号-1,深圳正天成进出口有限公司,www.ztcpipe.com,2019-07-27 00:00:00
jpwz5.com,卢平,个人,苏ICP备08101548号-2,精品文章屋,www.jpwz5.com,2013-09-16 00:00:00
lztyg.com,苏州锋速橡塑制品有限公司,企业,苏ICP备12067563号-1,苏州锋速橡塑制品有限公司,www.lztyg.com,2015-12-07 00:00:00
zjqyfg.com,庆元县发展和改革局,政府机关,浙ICP备12003792号-1,庆元县发展和改革局,www.zjqyfg.com,2015-08-14 00:00:00
sz-jtzs.com,深圳市嘉泰建设有限公司,企业,粤ICP备17088139号,嘉泰建设,www.sz-jtzs.com,2017-07-19 10:16:43
tsxsjc.com,唐山市鑫帅建材有限公司,企业,冀ICP备12004566号-1,唐山市鑫帅建材有限公司,www.tsxsjc.com,2019-07-14 00:00:00
manhongwiremesh.com,安平县满洪金属制品厂,企业,冀ICP备10014610号-1,安平县满洪金属制品厂,www.manhongwiremesh.com,2016-11-07 00:00:00
wirecable-expo.com,北京艾亚特会展有限公司,企业,京ICP备19059098号,北京艾亚特会展有限公司,www.wirecable-expo.com,2020-07-21 09:58:34
cybj56.com,上海美毅物流有限公司,企业,沪ICP备12007325号-1,上海美毅物流有限公司,www.cybj56.com,2018-11-30 00:00:00
wenfeng100.com,吉水县文峰物流有限责任公司,企业,赣ICP备14000769号-1,江西吉水文峰物流公司,www.wenfeng100.com,2019-02-26 00:00:00
hbclco.com,喻鹏飞,个人,鄂ICP备12005280号-1,环卫吸污车,www.hbclco.com,2018-11-29 00:00:00
apyuheng.com,高路,个人,冀ICP备14010178号-1,生活小妙招,www.apyuheng.com,2019-04-11 00:00:00
lzsilicone.com,上海云康有机硅新材料有限公司,企业,沪ICP备09015710号-1,联众硅胶,www.lzsilicone.com,2019-09-04 00:00:00
yidingposui.com,上海一鼎重型矿山设备制造有限公司,企业,沪ICP备09088823号-3,上海一鼎重型矿山设备制造有限公司,www.yidingmofen.com,2018-05-29 00:00:00
jzlmnt.com,焦作市利明暖通商贸有限公司,企业,豫ICP备11017288号-1,焦作市利明暖通商贸有限公司,www.jzlmnt.com,2011-07-13 00:00:00
xm-mx.com,上海傅鹰网络科技有限公司,企业,沪ICP备16014257号-1,上海傅鹰网络科技有限公司,www.xm-mx.com,2019-05-09 00:00:00
mailnovel.com,北京金典世纪科技有限公司,企业,京ICP备19042651号-2,北京金典世纪科技有限公司,www.mailnovel.com,2019-11-06 00:00:00
deli-rqz.com,北京市京通国瑞家电维修中心,企业,京ICP备08101765号-87,得力燃气灶维修网,www.deli-rqz.com,2017-12-25 00:00:00
mai-zone.com,上海麦众文化传播有限公司,企业,沪ICP备09054907号-1,上海麦众文化传播有限公司,www.mai-zone.com,www.qxnet.net,2018-10-11 00:00:00
shzemin.com,上海泽明广告有限公司,企业,沪ICP备12021819号-1,上海泽明广告有限公司,www.shzemin.com,2017-07-28 00:00:00
798fanli.com,秦宪章,个人,豫ICP备12023862号-1,柒久吧,www.798fanli.com,2015-05-08 00:00:00
cxzy8.com,任科伟,个人,鲁ICP备13005447号-2,城熙文章,www.cxzy8.com,2017-05-19 00:00:00
hzshuiyun.com,绍兴市上虞区崧厦镇鸿之伞厂,企业,浙ICP备16012030号-1,绍兴市上虞区鸿之伞厂,www.hzshuiyun.com,2018-12-21 00:00:00
sqjysy.com,王岩,个人,苏ICP备11055636号-1,加银塑业网,www.sqjysy.com,2019-06-26 00:00:00
cqylrc.com,重庆市风景园林文化交流服务中心,事业单位,渝ICP备14003645号-2,重庆市风景园林文化交流服务中心,www.cqylrc.com,2017-08-08 00:00:00
jilongjixiechang.com,徐水县吉隆机械厂,企业,冀ICP备13000895号-1,徐水县吉隆机械厂,www.jilongjixiechang.com,2019-07-27 00:00:00
rbyqyb.com,东营市瑞邦仪器仪表有限责任公司,企业,鲁ICP备07504551号-1,东营市瑞邦仪器仪表有限责任公司,www.rbyqyb.com,2018-08-27 00:00:00
68cj.com,武汉关关信息科技有限公司,企业,鄂ICP备18026126号-1,68财经,www.68cj.com,2019-02-18 00:00:00
gzfz163.com,贵阳金湾房产,个人,黔ICP备05001956号-1,贵阳金湾房产信息网,www.gzfz163.com,2010-11-08 00:00:00
hfltyn.com,陆亚静,个人,浙ICP备12019492号-4,陆亚静的个人网站,www.hfltyn.com,2012-06-06 00:00:00
sharesns.com,北京分享时代科技股份有限公司,企业,京ICP备12024694号,分享社区,www.sharesns.com,2022-02-07 11:09:59
bwzzx.com,姚永春,个人,陕ICP备08003630号,白湾子镇网站,www.bwzzx.com,2019-05-17 13:52:01
zmzok.com,上海准码实业有限公司,企业,沪ICP备12019060号-2,上海准码实业有限公司,www.zmzok.com,2018-12-05 00:00:00
schoolpot.com,任焕恒,个人,粤ICP备15117971号-1,蜜罐先生的思维殿堂,www.schoolpot.com,2018-12-12 00:00:00
bxgyp.com,天津金正坚管业有限公司,企业,津ICP备14006548号-1,金正坚管业,www.jzjgy.com,2016-12-26 00:00:00
huyou8.com,屈杨,个人,蜀ICP备15014398号-2,忽悠网,www.huyou8.com,2019-04-03 00:00:00
china-km.com,黄倩丽,个人,粤ICP备09188461号-1,倩丽,www.china-km.com,2009-10-29 00:00:00
56wine.com,郑泽群,个人,粤ICP备10204891号-1,老酒批发网,www.56wine.com,2014-11-27 00:00:00
ht115.com,龙岩市汇成电子信息技术有限公司,企业,闽ICP备16035393号-2,龙岩市汇成电子信息技术有限公司,www.ht115.com,2018-04-27 00:00:00
hl-air.com,深圳市航联工贸有限公司,企业,粤ICP备11002789号-4,深圳市航联工贸有限公司,www.hl-air.com,2018-04-04 00:00:00
jl2005.com,佛山市金陵会计服务有限公司,企业,粤ICP备17164178号-1,佛山市金陵会计服务有限公司,www.jl2005.com,2017-12-25 00:00:00
sfpropeller.com,台州聚企互联信息技术有限公司,企业,浙ICP备15008529号-4,台州聚企互联信息技术有限公司,www.tianhufilter.com,2019-09-20 00:00:00
mingxin99.com,灵寿县明鑫塑料助剂厂,企业,冀ICP备12018517号-1,灵寿县明鑫塑料助剂厂,www.mingxin99.com,2019-07-27 00:00:00
sdwdmj.com,邹城市万达煤炭机械制造有限责任公司,企业,鲁ICP备10012115号-1,邹城市万达煤炭机械制造有限责任公司,www.sdwdmj.com,2016-12-21 00:00:00
bjjcfc.com,北京京城房地产经纪有限公司,企业,京ICP备13033722号-2,北京京城房地产经纪有限公司,www.bjjcfc.com,2019-12-26 00:00:00
xabydc.com,西安宝苑房地产有限公司,企业,陕ICP备11012043号-1,西安宝苑房地产有限公司,www.xabydc.com,2017-09-22 00:00:00
hnokd.com,河南欧克达实验器材有限公司,企业,豫ICP备10208294号-1,河南欧克达实验器材有限公司,www.hnokd.com,2010-11-23 00:00:00
myhgy.com,仙桃市百川人力资源有限公司,企业,鄂ICP备19006687号-1,仙桃市百川人力资源有限公司,www.xtdzc.com,2019-04-16 00:00:00
shjieyang.com,上海珺连电器设备有限公司,企业,沪ICP备2020032464号,上海珺连电器设备有限公司,www.shjieyang.com,2021-03-19 10:53:15
zzmg521.com,郑州市金水区芒果映画摄影工作室,企业,豫ICP备11026673号-1,郑州市金水区芒果映画摄影工作室,www.zzmg521.com,2019-10-31 00:00:00
langyx.com,天津花钰科技发展有限公司,企业,津ICP备14001672号-1,天津花钰科技发展有限公司,www.langyx.com,2019-01-30 00:00:00
dmtime.com,郭晓东,个人,京ICP备13024713号,大美网,www.dmtime.com,2018-06-14 10:08:18
gdydl.com,上海微漫网络科技有限公司,企业,沪ICP备14035185号-5,捏捏工具网站,www.gdydl.com,2017-07-17 00:00:00
ytrcl.com,烟台华新金属热处理有限公司,企业,鲁ICP备10028398号-1,烟台华新金属热处理,www.ytrcl.com,2019-06-09 00:00:00
nanfangchengxin168.com,郑州纳川建筑材料有限公司,企业,豫ICP备12016575号-1,郑州纳川建筑材料有限公司,www.nanfangchengxin168.com,2014-08-24 00:00:00
yuyaofk.com,余姚惠民门诊部（普通合伙）,企业,浙ICP备16022639号-1,余姚惠民门诊部,www.yuyaofk.com,2019-12-02 00:00:00
ybgstl.com,巩义市友邦供水材料有限公司,企业,豫ICP备11025116号,巩义市友邦供水材料有限公司,www.ybgstl.com,2020-07-01 14:46:06
fdjzzl.com,聊城市忠祥机械设备有限公司,企业,鲁ICP备16002065号-1,聊城市忠祥机械设备有限公司,www.zxfdjcz.com,www.qdfdjcz.com,www.fdjzzl.com,www.fadianjiwang.cn,2019-08-10 00:00:00
gfcsxx.com,广丰县永丰镇萃始小学,事业单位,赣ICP备10005095号-1,广丰县永丰镇萃始小学,www.gfcsxx.com,2016-08-01 00:00:00
czlongtian.com,常州龙天汽车美容装饰服务有限公司,企业,苏ICP备11079110号-1,常州龙天汽车美容装饰服务有限公司,www.czlongtian.com,www.cz-longtian.cn,2015-01-04 00:00:00
igoua.com,郑锦俊,个人,粤ICP备08009128号-6,aigoua,www.aigoua.com,www.igoua.com,2018-12-21 00:00:00
cnxtyjn.com,青岛中泰永旺商贸有限公司,企业,鲁ICP备13007836号-1,青岛中泰永旺商贸有限公司,www.ztywmaterials.com,2019-01-14 00:00:00
jsscri.com,江苏智慧城市研究院有限公司,企业,苏ICP备12023177号-1,江苏智慧城市研究院有限公司,www.jsscri.com,2017-08-01 00:00:00
shquanli.com,上海诠岦建筑装饰工程有限公司,企业,沪ICP备16050505号-1,上海诠岦建筑装饰工程有限公司,www.shquanli.com,2019-07-24 00:00:00
ybaoli.com,深圳市前海盈耀互联网金融服务有限公司,企业,粤ICP备15060282号-1,财务官云平台,www.ybaoli.com,2016-06-06 00:00:00
whtyjc.com,上海东乾物流有限公司,企业,沪ICP备18035050号-35,上海东乾物流有限公司,www.whtyjc.com,2020-01-22 00:00:00
glhuanbao.com,马国恩,个人,冀ICP备12002741号-1,广绿环保,www.glhuanbao.com,2017-12-21 00:00:00
hnetjk.com,郑州市劳动保障培训就业指导中心,事业单位,豫ICP备08103075号-2,河南儿童健康指导培训网,www.hnetjk.com,2009-07-06 00:00:00
shhmg.com,赵辉,个人,沪ICP备10021060号-2,韩美阁,www.shhmg.com,2018-03-27 00:00:00
mye35.com,王林甫,个人,皖ICP备12007145号-4,E生活,www.mye35.com,2019-10-19 00:00:00
zishapaimai.com,北京友和轩国际文化发展有限公司,企业,京ICP备11012543号-2,北京友和轩国际文化发展有限公司,www.zishapaimai.com,2019-07-04 00:00:00
ycqdxx.com,盐城市亭湖区青墩小学,事业单位,苏ICP备11051777号-1,亭湖区青墩小学,www.ycqdxx.com,2020-04-15 00:00:00
wfquan.com,马风祥,个人,鲁ICP备14028388号-6,我的圈儿,www.wfquan.com,2016-05-19 00:00:00
srshidiao.com,济宁永泰汽车销售有限公司,企业,鲁ICP备12013669号-1,济宁永泰汽车销售有限公司,www.xdjnyt.com,www.srshidiao.com,www.xxshidiao.com,www.xsshidiao.com,www.ypshidiao.com,2018-09-03 00:00:00
fyjs3d.com,张庆明,个人,津ICP备11002934号-2,发艺网,www.fyjs3d.com,2017-11-06 00:00:00
0710hl.com,襄阳市洛琳婚庆礼仪策划服务有限公司,企业,鄂ICP备12006855号-1,襄阳市洛琳婚庆礼仪策划服务有限公司,www.0710hl.com,2012-05-14 00:00:00
prdchina.com,派瑞迪景观园林环境设计咨询（上海）有限公司,企业,沪ICP备09057043号-1,派瑞迪景观园林环境设计咨询（上海）有限公司,www.prdchina.com,2019-05-23 00:00:00
xiaohan-design.com,韩洪新,个人,苏ICP备11001324号-1,设计信息网,www.xiaohan-design.com,2020-02-15 00:00:00
taijitaiji.com,湖北盘龙舞狮文化传播有限公司,企业,鄂ICP备15006669号-1,湖北盘龙舞狮文化传播有限公司,www.taijitaiji.com,2018-11-29 00:00:00
gaoxinkeji.com,王瑞库,个人,鲁ICP备08000195号-1,长江源高科,www.gaoxinkeji.com,2018-10-26 00:00:00
sz-ucen.com,深圳市爱尔信五金电子有限公司,企业,粤ICP备10001387号-1,sz-ucen.com,www.sz-ucen.com,2011-12-07 00:00:00
83dm.com,刘浩中,个人,鄂ICP备17004675号-6,悠空次元,www.83dm.com,2019-10-14 00:00:00
wdgjzx.com,威海市文登区葛家中学,事业单位,鲁ICP备10023288号-2,文登区葛家中学,www.wdgjzx.com,2014-10-29 00:00:00
fjzho.com,福建中海检测技术有限公司,企业,闽ICP备10014580号,福建中海检测技术有限公司,www.fjzho.com,2016-08-01 10:42:02
cxfhzx.com,广州市敏嘉制造技术有限公司,企业,粤ICP备11050564号-4,广州市敏嘉制造技术有限公司,www.cxfhzx.com,2017-01-23 00:00:00
yd10.com,黄昱刚,个人,沪ICP备08110159号-2,紫袍玉带石,www.yd10.com,2018-12-29 10:31:41
hcxinghuo.com,河池市星火职业培训学校,社会团体,桂ICP备11001131号-1,河池市星火职业培训学校,www.hcxinghuo.com,2011-03-18 00:00:00
guangmuying.com,深圳锐川网络科技有限公司,企业,粤ICP备11090782号,guangmuying.com,www.guangmuying.com,2013-12-12 09:17:39
lp44.com,袁海龙,个人,豫ICP备10005056号-1,罗盘网,www.lp44.com,2010-02-03 00:00:00
23taotao.com,临邑淘淘乐网络科技有限公司,企业,鲁ICP备18004636号-1,爱尚淘淘,www.23taotao.com,2019-05-14 00:00:00
xuanfuping.com,长春金科瑞科技有限公司,企业,吉ICP备10002565号-3,健康牛皮癣康复网,www.xuanfuping.com,2019-07-27 00:00:00
shid-sh.com,上海事达热处理应用技术有限公司,企业,沪ICP备09064133号-1,上海事达热处理应用技术有限公司,www.shid-sh.com,2017-04-12 00:00:00
zb12343.com,淄博一二三四三家庭服务网络中心,社会团体,鲁ICP备15002076号-1,淄博一二三四三家庭服务网络中心,www.zb12343.com,2017-12-15 00:00:00
nrxing.com,西安大潮广告有限责任公司,企业,陕ICP备06009609号-1,西安大潮广告有限责任公司,www.nrxing.com,www.xadcgg.com,2016-12-07 00:00:00
fswxdoors.com,霍芷青,个人,粤ICP备13032338号-1,万兴网,www.fswxdoors.com,2013-05-13 00:00:00
txfeb.com,巨石集团有限公司,企业,浙ICP备11016778号-2,巨石集团有限公司,www.txfeb.com,2016-10-27 00:00:00
hhbedu.com,杭州合伙吧教育咨询有限公司,企业,浙ICP备16028658号-2,杭州合伙吧教育咨询有限公司,www.hhbedu.com,2018-03-07 00:00:00
hjlimac.com,大连利迈克国际贸易有限公司,企业,辽ICP备12008395号-1,大连利迈克国际贸易有限公司,www.hjlimac.com,2018-03-19 00:00:00
ltrbbs.com,深圳市车达人汽车服务有限公司,企业,粤ICP备14058148号-1,LT老乡网,www.ltrbbs.com,2019-06-04 00:00:00
bingchi.com,桐乡市熊猫服饰有限公司,企业,浙ICP备12021431号,桐乡市熊猫服饰有限公司,www.bingchi.com,2012-06-14 16:59:23
shanghaimec.com,上海爱拇意斯通信技术有限公司,企业,沪ICP备09013870号,上海爱拇意斯通信技术有限公司,www.shanghaimec.com,2019-09-24 16:25:55
21oh.com,王世娥,个人,黔ICP备18000312号-1,小素的世界,www.mingpianwu.com,www.mkhtml.com,www.bijimoban.com,www.21oh.com,www.juquwei.com,2019-04-04 00:00:00
jhjxy.com,金华聚香源餐饮管理有限公司,企业,浙ICP备2021011471号,金华聚香源餐饮管理有限公司,www.jhjxy.com,2021-04-19 11:13:09
jiayouyu.com,南阳市家有玉母婴饰品有限公司,企业,豫ICP备11009133号-2,家有玉网,www.jiayouyu.com,2019-08-14 00:00:00
yuanzicu.com,株洲原子簇纳米科技有限公司,企业,湘ICP备12014066号-1,株洲原子簇纳米科技有限公司,www.yuanzicu.com,2018-01-02 00:00:00
njism.com,杭州能基商贸有限公司,企业,浙ICP备17003655号-1,杭州能基商贸有限公司,www.njism.com,2019-08-02 00:00:00
jlandun.com,吉林省强消消防设备有限公司,企业,吉ICP备16001909号,吉林省强消消防设备有限公司,www.jlandun.com,2019-08-06 10:32:54
richersystem.com,北京四方众联电子商务有限公司,企业,京ICP备16022619号,北京四方众联电子商务有限公司,www.xiaofeihulian.com,2019-02-02 14:06:41
tttxy.com,深圳市贴心缘科技有限公司,企业,粤ICP备15016775号-1,贴心缘,www.tttxy.com,2017-10-11 00:00:00
gzyirui.com,广州市宜睿电子材料有限公司,企业,粤ICP备12004008号-1,广州市宜睿电子材料有限公司,www.gzyirui.com,2018-10-18 00:00:00
longtd.com,山东智衡减振科技股份有限公司,企业,鲁ICP备07013202号,山东智衡减振科技股份有限公司,www.znspring.com,2017-01-04 18:48:02
gzzhuanke.com,蒋文,个人,粤ICP备12007216号-1,广男网,www.gzzhuanke.com,2012-02-14 00:00:00
cqmdtz.com,重庆茂迪投资有限公司,企业,渝ICP备11004934号-1,重庆茂迪投资有限公司,www.cqmdtz.com,2017-03-20 00:00:00
lcdcg.com,泊头市华正机械设备有限公司,企业,冀ICP备10025299号-13,泊头市华正机械设备有限公司,www.lcdcg.com,2017-07-19 00:00:00
taian168.com,霸州市麦啦电子商务有限公司,企业,冀ICP备14009101号-2,榴莲网,www.maila.wang,2017-07-19 00:00:00
whjindun.com,李红斌,个人,蒙ICP备11002954号-1,313平台,www.whjindun.com,2014-06-30 00:00:00
ksshenda.com,昆山市申达炊具厂,企业,苏ICP备14012063号-1,昆山市申达炊具厂,www.ksshenda.com,2017-03-22 00:00:00
0719go.com,十堰微天网络科技有限公司,企业,鄂ICP备16002993号-5,十堰同城,www.0719go.com,2019-10-24 00:00:00
lfp1.com,刘凤坡,个人,冀ICP备14006425号-1,右脑记忆,www.lfp1.com,2017-07-31 00:00:00
hainanbm.com,海南追站科技有限责任公司,企业,琼ICP备15003465号-1,海南建材在线,www.hainanbm.com,2017-11-06 00:00:00
jingma8.com,苏州唐人数码科技有限公司,企业,苏ICP备09011633号-1,唐人游游戏中心,www.uc55.com,2016-02-01 00:00:00
fiberartnow.com,中国美术学院,事业单位,浙ICP备05014581号-3,纤维与空间艺术工作室,www.fiberartnow.cn,2018-06-27 00:00:00
lt-it.com,封丘县乐团网信息技术有限公司,企业,豫ICP备14030045号-2,乐团网信息技术有限公司,www.lt-it.com,2020-07-23 15:36:02
alysf.com,昆明南方国际旅行社有限公司,企业,滇ICP备12001821号-7,昆明南方国际旅行社有限公司,www.zmynw.com,www.alysf.com,2017-05-09 00:00:00
younuoke.com,尤晓刚,个人,豫ICP备07005041号-1,尤诺科,www.younuoke.com,younuoke.com,2016-06-24 00:00:00
tysusb.com,太原科创生物技术公共服务平台有限公司,企业,晋ICP备12002322号-1,太原科创生物技术公共服务平台有限公司,www.tyibi.com,2019-01-18 00:00:00
jtbmx.com,周丽,个人,苏ICP备12019471号-1,天天好心情,www.jtbmx.com,2016-10-24 00:00:00
chinagreatpacking.com,江苏更大包装有限公司,企业,苏ICP备12061727号-1,江苏更大包装有限公司,www.chinagreatpacking.com,2018-05-10 00:00:00
jiyouq.com,北京立达方胜信息技术有限公司,企业,京ICP备14043310号-10,北京立达方胜信息技术有限公司,www.woyaoc.com,2017-11-24 00:00:00
gaodanet.com,福州高达电子有限公司,个人,闽ICP备05022459号-1,高达网络,www.gaodanet.com,2018-08-10 00:00:00
cqlyzs.com,重庆绿艺建筑装饰设计有限公司,企业,渝ICP备13003954号-1,重庆绿艺建筑装饰设计有限公司,www.cqlyzs.com,2020-07-10 00:00:00
amccooker.com,浙江阿罗逊机械制造有限公司,企业,浙ICP备12010928号-1,浙江阿罗逊机械制造有限公司,www.amccooker.com,2019-11-01 00:00:00
lthhg.com,建德市蓝天和化工有限公司,企业,浙ICP备05073609号-1,建德市蓝天和化工有限公司,www.lthhg.com,2019-08-10 00:00:00
donghuhuayuan.com,张玉莲,个人,粤ICP备10238121号-5,跃的家,www.donghuhuayuan.com,2012-11-09 00:00:00
gxlzjd.com,柳州市建达织造有限责任公司,企业,桂ICP备05010072号-1,www.gxlzjd.com,www.gxlzjd.com,2016-11-28 00:00:00
ecnsea.com,张玉保,个人,鲁ICP备13023436号-8,分类信息网,www.ecnsea.com,2019-11-02 12:48:05
csj-print.com,深圳市彩世纪印刷设计有限公司,企业,粤ICP备11056078号-1,深圳市彩世纪印刷设计有限公司,www.csj-print.com,2017-07-06 00:00:00
duguke.com,魏群,个人,辽ICP备15005175号-1,我爱我的故乡,www.ddhren.com,2019-03-27 00:00:00
shiandou.com,上海仙豆网络信息科技有限责任公司,企业,沪ICP备13036737号-2,上海仙豆网络公司官网,www.shiandou.com,2020-07-01 00:00:00
51gtdna.com,基鹰生物科技(上海)有限公司,企业,沪ICP备09061495号-9,基鹰生物科技(上海)有限公司,www.51gtdna.com,2019-08-14 14:41:42
0311-67268162.com,石家庄爱尔眼科医院有限责任公司,企业,冀ICP备12016067号-1,眼健康信息网,www.0311-67268162.com,2016-11-07 00:00:00
hnskyland.com,太康县天洲电气有限公司,企业,豫ICP备14028979号-1,太康县天洲电气有限公司,www.hnskyland.com,2018-06-21 00:00:00
evpchina.com,上海拓景印务有限公司,企业,沪ICP备13011376号-1,上海拓景印务有限公司,www.evpchina.cn,2019-08-30 00:00:00
beauty-crown.com,北京中联亚房地产开发有限公司,企业,京ICP备09059090号-1,中联亚,www.zhonglianya.com,2019-08-15 00:00:00
ntmxjc.com,南通铭栩建材科技发展有限公司,企业,苏ICP备19011521号,南通铭栩建材科技发展有限公司,www.ntmxjc.com,2021-12-03 11:06:40
xxnc-cn.com,湖州新兴耐火材料有限公司,企业,浙ICP备11058762号-1,新兴耐火材料,www.xxnc-cn.com,2011-11-11 00:00:00
tjyswl.com,天津域尚未来科技有限公司,企业,津ICP备14006615号-1,天津域尚未来科技有限公司,www.tjyswl.com,2014-11-03 00:00:00
jbg1688.com,安徽元诚科技有限公司,企业,皖ICP备11019664号-1,合肥君宝阁贸易有限公司,www.jbg1688.com,2019-06-26 00:00:00
cczyjsxx.com,王建国,个人,吉ICP备11005416号-1,感恩服务网,www.cczyjsxx.com,2016-07-12 00:00:00
baoshunyy.com,杨俊贤,个人,闽ICP备12021834号-1,宝顺,www.baoshunyy.com,2019-08-27 00:00:00
tianwangcb.com,广州市天望文化传播有限公司,企业,粤ICP备15007166号-1,广州市天望文化传播有限公司,www.tianwangcb.com,2018-06-29 00:00:00
bazhenhuiyangwan.com,李文星,个人,苏ICP备12010611号-1,八珍阳刚,www.bazhenhuiyangwan.com,2018-10-18 00:00:00
maplue.com,北京深蓝枫景文化创意有限公司,企业,京ICP备14010977号,深蓝传媒,www.maplue.com,2019-08-01 08:32:24
zfjixie.com,河南壮联机械设备有限公司,企业,豫ICP备18032080号,河南壮联机械设备有限公司,www.zfjixie.com,2019-10-02 09:48:04
cltq8.com,程力专用汽车股份有限公司,企业,鄂ICP备13005003号-92,程力专用汽车股份有限公司,www.cltq8.com,2020-07-01 00:00:00
lgzc.com,深圳市立亘资产管理有限公司,企业,粤ICP备15099574号-1,立亘资产管理,www.lgzc.com,2018-06-29 00:00:00
qm1888.com,深圳市全民合伙人科技有限公司,企业,粤ICP备14068408号-1,深圳市全民合伙人科技有限公司,www.qm1888.com,2019-09-16 11:41:27
vpingtan.com,平潭易齐网络科技有限公司,企业,闽ICP备11024219号-17,平潭人脉网_微平潭,www.vpingtan.com,2017-06-19 00:00:00
szjmlbj.com,苏州金梦来搬家运输有限公司,企业,苏ICP备12018591号-1,苏州金梦来搬家运输有限公司,www.szjmlbj.com,2017-09-01 00:00:00
xcfzzl.com,上海爽欣文化传播有限公司,企业,沪ICP备11009149号-1,上海爽欣文化传播有限公司,www.xcfzzl.com,2015-08-04 00:00:00
yimids.com,尹洪影,个人,黑ICP备15000722号-3,兿米网,www.yimids.com,2017-10-30 00:00:00
dazhouning.com,汤志斌,个人,闽ICP备14003244号-2,大周墩,www.dazhouning.com,2019-11-06 00:00:00
jlwwd.com,蚌埠市舒莱曼服装有限公司,企业,皖ICP备13008872号-2,蚌埠市舒莱曼服装有限公司,www.jlwwd.com,2019-09-25 00:00:00
jianlikaoshi.com,北京知行顺势科技发展有限公司,企业,京ICP备09089062号-2,北京知行顺势科技发展有限公司,www.jianlikaoshi.com,2018-08-27 00:00:00
ilenggui.com,合肥市齐美电器有限公司,企业,皖ICP备09011383号-22,合肥市齐美电器有限公司,www.lengguik.com,2017-04-07 00:00:00
qunews.com,山东云端网络科技有限公司,企业,鲁ICP备19003977号-1,山东云端网络科技有限公司,www.hicloudbiz.com,2020-08-10 19:44:01
cnyunfan.com,烟台云帆国际旅行社有限公司,企业,鲁ICP备13026538号,烟台云帆国际旅行社有限公司,www.cnyunfan.com,2016-12-21 09:23:52
timkt.com,钛廷市场信息咨询（上海）有限公司,企业,沪ICP备15021051号-1,钛廷市场信息咨询（上海）有限公司,www.timkt.com,2017-10-24 00:00:00
rfid18.com,深圳市利欣丰电子有限公司,企业,粤ICP备12014804号-2,深圳市利欣丰电子有限公司,www.rfid18.com,2019-07-01 00:00:00
afuzhuang.com,武汉市黄陂区香衣汇品服饰店,企业,鄂ICP备20013898号-1,香依服饰,www.afuzhuang.com,2020-07-30 10:52:59
wcicm.com,赵丹,个人,粤ICP备09160127号-1,西海岸,www.wcicm.com,2009-08-31 00:00:00
dresdne.com,四川德瑞斯顿服饰有限公司,企业,蜀ICP备10205048号-2,德瑞斯顿服饰,www.dresdne.com,2018-07-04 00:00:00
toodns.com,王琪,个人,鄂ICP备18007296号-1,云图图个人网站,www.toodns.com,2018-04-12 00:00:00
rs88888.com,上海融善信息科技有限公司,企业,沪ICP备18003912号-2,融善在线,www.rs88888.com,2020-07-15 15:12:12
srhpin.com,北京尚瑞华品商贸有限公司,企业,京ICP备12044832号-1,尚瑞华品,www.srhpin.com,2019-07-09 00:00:00
fuyunoa.com,南京扶云办公设备有限公司,企业,苏ICP备10031492号-2,南京扶云办公设备有限公司,www.fuyunoa.com,2017-08-14 00:00:00
biosafehome.com,上海尊鸿生物科技有限公司,企业,沪ICP备17001293号-1,上海尊鸿生物科技有限公司,www.biosafehome.com,2020-05-25 00:00:00
shanghaibj666.com,上海大众搬场物流有限公司,企业,沪ICP备10008650号-1,上海大众搬场物流有限公司,www.shanghaibj666.com,2010-06-04 00:00:00
iteasea.com,赵彦兵,个人,京ICP备12021995号-2,爱茶海,www.iteasea.com,2018-02-11 00:00:00
chn-fiberglass.com,无锡市林克网络服务有限公司,企业,苏ICP备05016715号-1,玻璃纤维网络服务平台,www.chn-fiberglass.com,www.linkwx.com,www.chn-manufacture.com,www.chn-apparel.com,2018-08-03 00:00:00
whtianao.com,武汉天奥新材料科技有限公司,企业,鄂ICP备09023432号-1,武汉天奥新材料科技有限公司,www.whtianao.com,2014-08-25 00:00:00
mama775.com,黄艳,个人,陕ICP备15006736号-1,妈咪当家,www.mama775.com,2015-06-03 00:00:00
sdlinchang.com,潍坊高新区林昌地板经销处,企业,鲁ICP备11032523号-1,潍坊高新区林昌地板经销处,www.sdlinchang.com,2019-07-20 00:00:00
cckaishan.com,吴祥湖,个人,吉ICP备10003019号-1,开山机械展示网,www.cckaishan.com,www.hljkaishan.com,2017-04-26 00:00:00
dayousw.com,郑州新达优饲料有限公司,企业,豫ICP备12022964号-1,达优生物,www.dayousw.com,2012-11-14 00:00:00
jinshengjx.com,杭州锦昇无纺布机械设备有限公司,企业,浙ICP备17012616号-1,杭州锦昇无纺布机械设备有限公司,www.jinshengjx.com,2019-02-19 00:00:00
gzwywood.com,广州市五羊艺冠木业有限公司,企业,粤ICP备09182270号-1,广州市五羊艺冠木业有限公司,www.gzwywood.com,2016-12-14 00:00:00
ahhuangcheng.com,合肥煌城公共设施有限公司,企业,皖ICP备12007853号-2,合肥煌城公共设施有限公司,www.ahhuangcheng.com,2019-06-13 00:00:00
toyon-cn.com,广州市越秀区脱颖体育用品店,企业,粤ICP备13038941号-1,广州市越秀区脱颖体育用品店官方网站,www.toyon-cn.com,2015-01-15 00:00:00
wzfspg.com,温州方成地产评估事务所有限公司,企业,浙ICP备11008893号-1,温州方成地产评估事务所有限公司,www.wzfspg.com,2016-06-15 00:00:00
dacai365.com,北京寒烟牧场信息技术有限公司,企业,京ICP备09103857号-4,北京寒烟牧场信息技术有限公司,www.dacai365.com,2019-02-20 00:00:00
furijieyu.com,青岛钳子网络科技有限公司,企业,鲁ICP备19050515号-1,钳子孚日洁玉毛巾,www.furijieyu.com,2020-02-20 09:36:22
hnkygc.com,河南坤盈钢材有限公司,企业,豫ICP备16034122号-1,河南坤盈钢材有限公司,www.hnkygc.com,2016-11-08 00:00:00
3gxm.com,厦门市三氪信息技术有限公司,企业,闽ICP备16007755号-1,厦门市三氪信息技术有限公司,www.3gxm.com,2016-03-25 00:00:00
deyig.com,湖北盛世纵横科技有限公司,企业,鄂ICP备14002154号-1,湖北盛世纵横科技有限公司,www.hbsszh.com,2020-06-29 00:00:00
jinpengcard.com,张贵松,个人,冀ICP备12020370号-1,金鹏,www.jinpengcard.com,2017-01-11 00:00:00
wine-inn.com,北京金酒驿科技有限公司,企业,京ICP备11043857号-1,酒驿网,www.wine-inn.com,2019-09-16 00:00:00
fangzhur.com,房库（北京）信息技术有限公司,企业,京ICP备14006217号-1,房库（北京）信息技术有限公司,www.fangzhur.com,2018-08-03 00:00:00
ccgree.com,吉林省众鑫格力商用空调销售有限公司,企业,吉ICP备12000545号-1,吉林省众鑫格力商用空调销售有限公司,www.ccgree.com,2019-04-12 00:00:00
goldenqilin.com,西安金麒麟文化科技发展有限公司,企业,陕ICP备12007833号-1,西安金麒麟文化科技发展有限公司,www.goldenqilin.com,www.金麒麟文化.com,www.金麒麟文化.net,2017-09-21 00:00:00
lcszgh.com,临沧市总工会,社会团体,滇ICP备11005210号-1,临沧市总工会,www.lcszgh.com,2016-12-01 00:00:00
tsxmt.com,唐山市路北区新华道新玛特擦鞋店,企业,冀ICP备11011042号-1,唐山市路北区新华道新玛特擦鞋店,www.tsxmt.com,2011-05-30 00:00:00
689779.com,鼓楼区菲衡百货店,企业,苏ICP备14002498号-2,菲衡百货店,www.vmeitu.cn,2017-08-04 00:00:00
jot8.com,周凌强,个人,闽ICP备17001278号-1,个人作品展示,www.jot8.com,2019-11-07 00:00:00
nmgtkd.com,呼和浩特市苍实体育健身俱乐部,企业,蒙ICP备05004122号-1,呼和浩特市苍实体育健身俱乐部,www.nmgtqd.com;www.nmgtkd.com,2019-09-03 09:54:02
kw189.com,郑州蓝草莓商贸有限公司,企业,豫ICP备14001515号-1,郑州蓝草莓商贸有限公司,www.kw189.com,2019-07-16 00:00:00
feiqiandai.com,石家庄银柜坊网络科技有限公司,企业,冀ICP备15000614号-1,银柜坊网络,www.feecan.com,2018-10-17 00:00:00
ynchi.com,淄博韻馳國際貿易有限公司,企业,鲁ICP备08001039号-1,韻馳國際,www.ynchi.com,2017-12-13 00:00:00
xyhulan.com,郭兴康,个人,晋ICP备11004677号-2,个人信息网,www.xyhulan.com,2019-07-27 00:00:00
buyfj.com,黄韩塞,个人,滇ICP备14007353号-2,爱生活,www.fm530.com,2020-01-03 00:00:00
hnpjscl.com,河南浦江水处理设备有限公司,企业,豫ICP备14006111号,河南浦江水处理设备有限公司,www.hnpjscl.com,2016-12-06 17:09:59
ziyiblog.com,咸阳,个人,吉ICP备13005454号-2,前端设计网,www.ziyiblog.com,2017-05-25 00:00:00
fangyuansw.com,镇江方源智能科技有限公司,企业,苏ICP备20010446号,方源科技,www.fangyuansw.com,2020-03-10 15:33:22
changtengsuye.com,河南昌腾塑业有限公司,企业,豫ICP备14007066号,河南昌腾塑业有限公司,www.changtengsuye.com,2019-08-26 15:08:09
gzsbdl.com,广州盛铂电力科技有限公司,企业,粤ICP备10038512号-1,广州盛铂电力科技有限公司,www.gzsbdl.com,2018-12-12 00:00:00
hongmu-furniture.com,中山市大涌镇和瑞古典家具厂,企业,粤ICP备12001791号-2,中山市大涌镇和瑞古典家具厂,www.hongmu-furniture.com,2019-06-05 00:00:00
lehoshop.com,万洁,个人,苏ICP备14009906号-1,乐活元素,www.lehoshop.com,2019-05-13 00:00:00
xwgtj.com,四川省兴文县国土资源局,政府机关,蜀ICP备13027953号-1,兴文县国土局,www.xwgtj.com,2013-12-19 00:00:00
ytjjdc.com,海阳市金居房地产营销策划有限公司,企业,鲁ICP备13024326号-1,海阳市金居房地产营销策划有限公司,www.ytjjdc.com,2018-09-21 00:00:00
nbnhxian.com,宁海县希安电器有限公司,企业,浙ICP备11050157号-1,宁海县希安电器有限公司,www.nbnhxian.com,2011-09-16 00:00:00
jxhsckj.com,无锡金轩宏石材科技有限公司,企业,苏ICP备14022266号-1,无锡金轩宏石材科技有限公司,www.jxhsckj.com,2016-09-07 00:00:00
huangjinc.com,蔡金黄,个人,粤ICP备16032277号-1,嗨神殿,www.huangjinc.com,2019-05-16 00:00:00
zydzs.com,马朝全,个人,苏ICP备17019596号-8,我的中医知识记录,www.zydzs.com,2019-12-11 00:00:00
kzyty.com,王海洪,个人,冀ICP备09027231号-1,康之源橡塑制品公司,www.kzyty.com,2019-05-15 00:00:00
parking0086.com,重庆我将文化传播有限公司,企业,渝ICP备14010383号-1,我将停车网,www.parking0086.com,2019-08-15 00:00:00
ntkneader.com,南通捏合机厂,企业,苏ICP备11089993号-1,南通捏合机厂,www.ntkneader.com,2012-04-01 15:54:58
20110211.com,梁冠立,个人,沪ICP备11014969号-1,妄行天下,www.20110211.com,2019-02-26 00:00:00
st-origin.com,吴浪,个人,黔ICP备11002774号-1,松桃起源网络技术,www.st-origin.com,2015-05-08 00:00:00
zzdhr.com,郑州大华人饲料有限公司,企业,豫ICP备11013762号-1,郑州大华人饲料有限公司,www.zzdhr.com,2011-06-07 00:00:00
buycao.com,北京聚友达商贸有限公司,企业,京ICP备10219391号-1,北京聚友达商贸有限公司,www.buycao.com,www.buycao.cn,www.购潮.com,2016-04-06 00:00:00
fzmaoyi.com,成都问道云科技有限公司,企业,蜀ICP备15011930号-5,问道云科技,www.fzmaoyi.com,2016-07-08 00:00:00
dadanda.com,夏培福,个人,沪ICP备15037700号-2,大胆搭,www.dadanda.com,2015-12-09 00:00:00
hongyangdianzi.com,阳新宏洋电子有限公司,企业,鄂ICP备13013986号-1,阳新宏阳电子有限公司,www.hongyangdianzi.com,2019-12-05 00:00:00
hskm0315.com,北京鸿时康铭科技发展有限责任公司,企业,京ICP备13006167号-1,北京鸿时康铭科技发展有限责任公司,www.hskm0315.com,2013-01-30 00:00:00
bjlsdc.com,上海启奥企业形象策划有限公司,企业,沪ICP备10030699号-24,调查公司,www.bjlsdc.com,2018-05-10 00:00:00
xinbanwood.com,上海新班木业有限公司,企业,沪ICP备19010434号-1,上海新班木业有限公司,www.xinbanwood.com,2020-07-29 00:00:00
hzjjydd.com,汉中市公安局交通警察支队一大队,事业单位,陕ICP备12007016号-1,汉中市公安局交通警察支队一大队,www.hzjjydd.com,2012-07-03 00:00:00
szsrongyidz.com,深圳市福田区新亚洲电子市场二期容益创展电子经营部,企业,粤ICP备14067860号-1,深圳市福田区新亚洲电子市场二期容益创展电子经营部,www.szsrongyidz.com,2018-05-30 00:00:00
zhonghongyeast.com,徐闻县中鸿酵母有限公司,企业,粤ICP备09062687号-1,中鸿酵母,www.zhonghongyeast.com,2009-04-29 00:00:00
dan-lu.com,常熟市丹路服饰有限公司,企业,苏ICP备05012710号-1,常熟市丹路服饰有限公司,www.dan-lu.com,2017-01-10 00:00:00
zxyjhgb.com,赵鹏,个人,冀ICP备16020008号-1,萌网,www.hbxsjy.com,2017-03-29 00:00:00
tianhuizhuji.com,青岛天汇铸造机械有限公司,企业,鲁ICP备15021678号,青岛天汇铸造机械有限公司,www.tianhuizhuji.com,2015-08-31 10:42:11
syasteel.com,上海实亚贸易有限公司,企业,沪ICP备10039240号-1,上海实亚贸易有限公司,www.syasteel.com,2020-01-07 00:00:00
sykehbkj.com,沈阳康尔环保科技有限公司,企业,辽ICP备12001420号-1,沈阳康尔环保科技有限公司,www.sykehbkj.com,2017-08-11 00:00:00
bjbsyy.com,罗孝兵,个人,京ICP备10211947号-1,百盛印艺,www.bjbsyy.com,2017-07-03 00:00:00
szcnjddjw.com,苏州吴中区城南街道办事处,政府机关,苏ICP备11048029号-1,苏州吴中区城南街道办事处,www.szcnjddjw.com,2016-10-31 00:00:00
whlytz.com,武汉梁宇特种安装技术有限公司,企业,鄂ICP备13006021号-1,桥梁安装-武汉梁宇特种,whlytz.com,2014-09-29 00:00:00
zjycyy.com,浙江宇晨药业有限公司,企业,浙ICP备13018140号-2,浙江宇晨药业有限公司,www.zjycyy.com,2018-04-18 00:00:00
acgface.com,于泳博,个人,冀ICP备15009321号-1,顺其自然,www.acgface.com,2018-07-18 00:00:00
yilangpool.com,郑州亿浪环保设备有限公司,企业,豫ICP备12008638号-2,郑州亿浪环保设备有限公司,www.yilangpool.com,2018-09-28 00:00:00
bv-stone.com,厦门碧威工贸有限公司,企业,闽ICP备11015736号-1,厦门碧威工贸有限公司,www.bv-stone.com,2017-04-10 00:00:00
iso7788.com,肖朝辉,个人,粤ICP备09081767号-2,深度传播,www.depther.com,www.iso180.com,www.iso7788.com,www.niiuii.com,www.iso-iso.net,www.hrc9000.net,2017-07-27 00:00:00
idoodo.com,李明,个人,皖ICP备15002458号-1,爱嘟嘟idoodo,www.idoodo.com,2019-04-17 00:00:00
7xidy.com,广东途乐科技有限公司,企业,粤ICP备13042717号-5,美七联盟,www.7xidy.com,2019-07-10 00:00:00
4-fang.com,陕西四方文化传媒有限公司,企业,陕ICP备11006655号-2,陕西四方文化传媒,www.4-fang.com,2019-08-21 00:00:00
xinhuawuzi.com,济南鼎恩科技有限公司,企业,鲁ICP备08015734号-7,济南鼎恩科技有限公司,www.xinhuawuzi.com,2019-06-08 00:00:00
fsfxd.com,佛山市富鑫达电子配件有限公司,企业,粤ICP备14015804号-1,富鑫达电子,www.fsfxd.com,2017-07-12 00:00:00
lemese.com,胡洪箭,个人,蜀ICP备13014511号-1,乐必思,www.lemese.com,2017-07-24 00:00:00
ixinru.com,叶东东,个人,浙ICP备12045718号-3,爱信电,www.ixinru.com,2017-11-07 00:00:00
njnfsj.com,南京南方塑胶管业有限公司,企业,苏ICP备12022814号-1,南京南方塑胶管业有限公司,www.njnfsj.com,2016-06-27 00:00:00
hztdx.com,黄冈市黄州区陶店乡人民政府,政府机关,鄂ICP备14003185号-1,黄冈市黄州区陶店乡人民政府,www.hztdx.com,2014-03-24 00:00:00
qinghuayuanyey.com,哈尔滨市道外区清华苑外语文化学校,民办非企业单位,黑ICP备09093855号-2,清华苑幼儿园,www.qinghuayuanyey.com,2018-05-25 00:00:00
hi-pink.com,邱根深,个人,闽ICP备16037691号-1,照片书展示网,www.hi-pink.com,2017-04-18 00:00:00
jozdh.com,许金莲,个人,粤ICP备11054644号-1,工控人生,www.jozdh.com,2019-02-28 00:00:00
honghezj.com,东莞市寮步鸿合电子设备制造厂,企业,粤ICP备13056606号-1,东莞市寮步鸿合电子设备制造厂,www.honghezj.com,2013-08-21 11:05:24
gxnnbz.com,杨建燕,个人,桂ICP备09009791号-1,杨建燕,www.gxnnbz.com,2009-11-06 00:00:00
gzsxygs.com,贵州省兴义高速公路管理处（贵州省兴义高速公路路政执法支队）,事业单位,黔ICP备14002238号-1,贵州省兴义高速公路管理处,www.gzsxygs.com,2017-03-29 00:00:00
gexunchina.com,兰州格讯信息科技有限公司,企业,陇ICP备15002458号-1,格讯家教,www.gexunchina.com,2017-04-11 00:00:00
jsgmsp.com,江苏国美食品有限公司,企业,苏ICP备15053773号-1,江苏国美食品有限公司,www.jsgmsp.com,2015-11-05 00:00:00
bswzhs.com,沈阳市于洪区博士物资经销处,企业,辽ICP备11017071号-1,沈阳市于洪区博士物资经销处,www.bswzhs.com,2019-04-11 00:00:00
sspzg.com,厦门山水畔旅游开发有限公司,企业,闽ICP备17016014号-1,厦门山水畔旅游开发有限公司,www.sspzg.com,2018-09-06 00:00:00
xinli99.com,安徽爱心灵心理健康咨询有限公司,企业,皖ICP备18005047号-2,安徽580官网,www.ah580.com,2019-01-07 00:00:00
hljhebrc.com,杭州滨兴科技股份有限公司,企业,浙B2-20080178-141,高新人才网,www.sxhzrc.com,2019-12-10 00:00:00
qzkys.com,泉州开元寺寺务委员会,事业单位,闽ICP备09008368号-1,泉州大开元寺,www.qzdkys.com,www.qzkys.com,www.qzkys.cn,www.qzdkys.cn,2019-09-22 00:00:00
lzjdfc.com,泸州市九鼎房地产经纪有限公司,企业,蜀ICP备11025320号-1,泸州九鼎房地产经纪有限公司,www.lzjdfc.com,2016-08-12 00:00:00
jieuo.com,陈卡妮,个人,粤ICP备09038470号-1,解忧网,www.jieuo.com,www.0662cc.cn,2010-11-25 00:00:00
jiabao1983.com,义乌市佳宝织造有限公司,企业,浙ICP备12004018号-1,义乌市佳宝织造有限公司,www.ywjiabao.com,2018-07-13 00:00:00
czmgjx.com,沧州明光精密机械有限公司,企业,冀ICP备17002701号-1,沧州明光精密机械有限公司,www.czmgjx.com,2019-08-26 00:00:00
csqtcl.com,长治市郊区昌山墙体材料厂,企业,晋ICP备11004557号-1,长治市郊区昌山墙体材料厂,www.csqtcl.com,2011-07-28 00:00:00
bzjianxin.com,滨州建欣机械加工有限责任公司,企业,鲁ICP备11012991号-1,滨州建欣机械加工有限责任公司,www.bzjianxin.com,2014-07-15 00:00:00
kuaijishiks.com,陈永建,个人,京ICP备13046599号-9,会计师,www.kuaijishiks.com,2018-08-31 00:00:00
huiyuanjz.com,黔东南州汇元建筑劳务工程有限公司,企业,黔ICP备17010224号-1,黔东南州汇元建筑劳务工程有限公司,www.huiyuanjz.com,2017-11-13 00:00:00
kuaidingzuo.com,衡阳舒途网络服务有限公司,企业,湘ICP备14011853号-1,快订座,www.kuaidingzuo.com,2019-03-06 00:00:00
ggxfl.com,贵港中太汽车销售服务有限公司,企业,桂ICP备12007118号-1,贵港中太雪佛兰4S店,www.ggxfl.com,2019-07-17 00:00:00
rftsj.com,东莞市黄江裕泰塑胶原料经营部,企业,粤ICP备14006978号-1,裕泰塑胶,www.rftsj.cn,2019-06-12 00:00:00
eke365.com,刘凯,个人,鄂ICP备13017782号-1,虫语录,www.eke365.com,www.scratch365.com,www.itedus.com,www.870708.com,2017-07-12 00:00:00
haitunchina.com,成都海之豚广告有限责任公司,企业,蜀ICP备15007434号,海之豚广告,www.haitunchina.com,2015-03-25 09:37:09
400lv.com,上海司华信息技术有限公司,企业,沪ICP备17009938号,上海司华信息技术有限公司,www.400lv.com,2017-03-22 15:58:51
qzfjxyl.com,钦州市风景线园林景观工程有限公司,企业,桂ICP备13002738号-1,钦州市风景线园林景观工程有限公司,www.qzfjxyl.com,2020-01-19 00:00:00
jiashengedu.com,罗良志026,个人,粤ICP备07018775号-1,嘉盛教育,www.jiashengjiaoyu.com,2007-03-29 00:00:00
ycnfcp.com,盐城农副产品物流中心开发有限公司,企业,苏ICP备09064946号-1,农副产品物流中心,www.ycnfcp.com,2016-04-19 00:00:00
hnbanbantong.com,郑州威科姆科技股份有限公司,企业,豫ICP备10204531号-3,河南班班通,www.hnbanbantong.com,2020-05-25 00:00:00
xjlywedding.com,南关区喜结良缘婚礼庆典服务重庆路店,企业,吉ICP备12002494号-1,南关区喜结良缘婚礼庆典服务重庆路店,www.xjlywedding.com,www.wbhqgc.com,2014-03-19 00:00:00
funnypicbox.com,王慧娴,个人,蜀ICP备13028615号-1,盒子的世界,www.funnypicbox.com,www.funnypicsbox.com,2017-11-06 00:00:00
winekx.com,肇庆市凯旋拉菲贸易有限公司,企业,粤ICP备17162622号-1,凯旋拉菲,www.winekx.com,2019-08-16 00:00:00
ds599.com,黄山市点金广告有限公司,企业,皖ICP备12003257号-1,黄山都市网,www.hsds.cc,2019-04-02 00:00:00
taitiangc.com,湖南泰天公路工程有限公司,企业,湘ICP备18009580号-1,湖南泰天公路工程有限公司,www.taitiangc.com,2018-09-21 00:00:00
gdtaoyida.com,佛山市陶易达机电设备有限公司,企业,粤ICP备14019699号-1,佛山市陶易达机电设备有限公司,www.gdtaoyida.com,2019-07-29 00:00:00
coffeevelo.com,唯胜投资咨询（上海）有限公司,企业,沪ICP备12034294号-2,VELO,www.coffeevelo.com,2019-03-12 00:00:00
szshennong.com,苏州市相城区阳澄湖镇神农蟹业有限公司,企业,苏ICP备12025519号-1,苏州市相城区阳澄湖镇神农蟹业有限公司,www.szshennong.com,2015-06-18 00:00:00
qiaoliwu.com,李强,个人,蜀ICP备12028729号-1,唯美心语,www.qiaoliwu.com,2014-07-10 00:00:00
rongoly.com,佛山市卡洛斯恩门窗有限公司,企业,粤ICP备19075635号,铝艺网,www.rongoly.com,2020-11-05 11:39:22
cncangshan.com,平邑县文胜网络信息咨询服务部,企业,鲁ICP备13003152号-1,苍山信息港,www.cncangshan.com,2019-07-27 00:00:00
zhghbq.com,江山市范盛装饰有限公司,企业,浙ICP备12020983号-1,环保漆网,www.zhghbq.com,2017-04-20 00:00:00
gui45.com,福建省淘时代信息技术有限公司,企业,闽ICP备14013939号-12,淘时代信息技术有限公司,www.280151.com,2017-02-14 00:00:00
ordosflgw.com,王集鸿,个人,闽ICP备16000546号-16,律师个人网站,www.ordosflgw.com,2019-01-16 00:00:00
xfxbwg.com,李长安,个人,鄂ICP备14018635号-1,梦天网,www.xfxbwg.com,2018-11-30 00:00:00
wxxsb.com,李伟,个人,豫ICP备14019143号-1,伟森世元,www.wxgov.cn,2014-09-05 15:37:35
dongfengxiaoche.com,谭超,个人,鄂ICP备17003050号-1,我的知识百科,www.youguanche.com,2017-03-22 00:00:00
amoyled.com,刘毅杰,个人,京ICP备14041612号,想要飞翔,www.amoyled.com,2016-12-12 08:41:04
boligeqiang.com,邓山斌,个人,京ICP备16028868号,艺术玻璃设计图,www.boligeqiang.com,2021-03-25 09:54:10
syktjd.com,沈阳经济技术开发区凯特机电维修中心,企业,辽ICP备16003966号-1,沈阳经济技术开发区凯特机电维修中心,www.syktjd.com,2016-03-21 00:00:00
jiayaoglass.com,常州嘉耀车船艇玻璃制品有限公司,企业,苏ICP备17022846号,常州嘉耀车船艇玻璃制品有限公司,www.czjybl.com,2018-03-27 15:21:52
googleseosearch.com,李阳,个人,鲁ICP备20009718号-1,优化知识,www.googleseosearch.com,2020-03-24 00:00:00
hyhulanwang.com,滁州开发区国际商城正方五金经营部,企业,皖ICP备15006568号,滁州开发区国际商城正方五金经营部,www.hyhulanwang.com,2015-04-17 10:32:33
zgclgyy.com,程力专用汽车股份有限公司销售十六分公司,企业,鄂ICP备18020441号,程力专用汽车股份有限公司销售十六分公司,www.zgclgyy.com,2021-09-01 10:17:45
myzdc.com,锦州市好来屋房地产中介有限公司,企业,辽ICP备13002582号,木禹子房地产,www.myzdc.com,2021-05-26 08:30:13
scborui.com,四川省波瑞电子有限公司,企业,蜀ICP备13008992号-1,四川省波瑞电子有限公司,www.scborui.com,2018-12-20 00:00:00
gongluew.com,廖杰,个人,鄂ICP备15007287号-7,笑玩策略网,www.gongluew.com,2020-07-31 00:00:00
lyswtxx.com,龙游县上圩头小学,事业单位,浙ICP备10031451号-1,龙游上圩头小学,www.lyswtxx.com,2019-02-12 00:00:00
huaxinsh.com,遂溪县六福村电子商务有限公司,企业,粤ICP备17037297号-1,遂溪县六福村电子商务有限公司,www.huaxinsh.com,2017-04-05 00:00:00
cdtangshi.com,成都市情谊制衣服饰公司,个人,蜀ICP备06020397号-1,成都市情谊制衣服饰公司,www.cdtangshi.com,2020-02-21 00:00:00
gdyjj.com,韶关市益家家粮油食品有限公司,企业,粤ICP备14026432号-1,益家家粮油,www.gdyjj.com,2014-04-28 00:00:00
ttzgs.com,金寨国顺旅游开发有限公司,企业,皖ICP备12003749号-1,金寨国顺旅游开发有限公司,www.ttzgs.com,2019-07-18 00:00:00
jmggzz.com,聊城市庆锋钢管有限公司,企业,鲁ICP备16045049号-1,聊城市庆锋钢管有限公司,www.jmggzz.com,2019-07-27 00:00:00
zclxm.com,河南中材水泥装备有限公司,企业,豫ICP备10018685号-1,河南中材水泥装备有限公司,www.sn-zc.com,2017-08-07 00:00:00
91588gps.com,郑鹏,个人,闽ICP备15015808号-6,淘资讯网,www.91588gps.com,2018-12-12 00:00:00
nbyijiu.com,宁波谊久国际物流有限公司,企业,浙ICP备18013780号-1,谊久国际物流,www.nbyijiu.cn,2018-04-12 00:00:00
800bike.com,北京齐鲁盛世商贸有限公司,企业,京ICP备13035576号-2,美瑞特自行车,www.800bike.com,2018-01-26 00:00:00
lockbeauty.com,东莞市诺蒂电子科技有限公司,企业,粤ICP备15039769号-1,LockBeauty器材,www.lockbeauty.com,2015-05-14 00:00:00
ysjhu.com,胡及惠,个人,闽ICP备12018743号-1,云水居,www.ysjhu.com,2014-05-26 00:00:00
king361.com,张体成,个人,苏ICP备11083397号-1,冰清玉洁,www.king361.com,2019-03-25 00:00:00
szghsjy.com,苏州规划设计研究院股份有限公司河南分公司,企业,豫ICP备14027896号-1,苏州规划设计研究院股份有限公司河南分公司,www.szghsjy.com,2014-12-12 10:55:08
a5pk.com,丘伟浩,个人,浙ICP备15034322号-1,梦想超越网,www.soutxt.cc,2018-07-20 00:00:00
kaixun888.com,上海楷洵建筑装饰材料有限公司,企业,沪ICP备15044694号-1,上海楷洵建筑装饰材料有限公司,www.kaixun888.com,2018-05-10 00:00:00
i-muso.com,杭州菲你莫属网络科技有限公司,企业,浙ICP备15026911号-1,杭州菲你莫属网络科技有限公司,www.i-muso.com,2017-04-14 00:00:00
mmdaban.com,丁虹,个人,粤ICP备13025912号-1,美美打扮,www.mmdaban.com,2013-04-23 00:00:00
czyhl.com,沧州伊海蓝会计咨询服务有限公司,企业,冀ICP备2021005819号,沧州伊海蓝会计咨询服务有限公司,www.czyhl.com,2021-03-26 14:48:03
ssi-cn.com,冯冉,个人,苏ICP备11014270号-1,尚思网,www.ssi-cn.com,2017-09-21 00:00:00
shfyfz.com,武汉森亚工贸有限公司,企业,鄂ICP备14007422号-1,武汉森亚工贸有限公司,www.shfyfz.com,2019-06-10 00:00:00
yoteg.com,大连锌隆商贸有限公司,企业,辽ICP备14015520号-1,大连锌隆商贸有限公司,www.dlyize.com,2019-07-17 00:00:00
bdxsport.com,广西南宁百得兴体育文化发展有限公司,企业,桂ICP备14003877号-2,百得兴篮球培训,www.bdxsport.com,2017-07-17 00:00:00
foxcomplastic.com,深圳市千彩汇科技有限公司,企业,粤ICP备12075560号-2,深圳市千彩汇科技有限公司,www.foxcomplastic.com,2014-07-31 00:00:00
1766176.com,深圳市巨鼎盘龙珠宝首饰实业有限公司,企业,粤ICP备13077878号-2,全球银品批发总汇,www.1766176.com,2018-12-11 00:00:00
renrenhw.com,上海三牙网络科技有限公司,企业,沪ICP备15052976号-1,人人户外俱乐部,www.renrenhw.com,2019-01-24 00:00:00
guobang9999.com,浙江国邦贵金属经营有限公司,企业,浙ICP备13027590号-1,国邦贵金属,www.guobang9999.com,2018-03-07 00:00:00
usa-ck.com,广州汇之声电子科技有限公司,企业,粤ICP备11056768号-1,广州汇之声电子科技有限公司,www.usa-ck.com,2017-08-07 00:00:00
zhendingfu.com,唐山市唐媒科技有限公司,企业,冀ICP备11017787号-6,真定府,www.zhendingfu.com,2015-04-23 00:00:00
sxzygt.com,山西中阳钢铁有限公司,企业,晋ICP备05005685号-1,山西中阳钢铁有限公司,www.sxzygc.com.cn,www.sxzygc.net,www.sxzygc.com,www.sxzygt.com,2016-05-25 00:00:00
gosimsoft.com,北京国信达软信息技术有限公司,企业,京ICP备12045537号-1,国信达软,www.gosimsoft.com,2019-01-03 00:00:00
xzzlw.com,云南雷益投资有限公司,企业,滇ICP备19003257号-1,云南雷益投资有限公司,www.dtwyhp.com,2019-06-05 00:00:00
fanghq.com,方华强,个人,沪ICP备18000610号-1,技术网站,www.fanghq.com,2020-02-27 00:00:00
dongyingtieneng.com,东营铁能岩土工程有限公司,企业,鲁ICP备13030009号-1,东营铁能岩土工程有限公司,www.dongyingtieneng.com,2019-07-27 00:00:00
gkygolf.com,珠海市湾仔绿茵阳光高尔夫商行,企业,粤ICP备14099053号-1,珠海市广科院高尔夫练习场,www.gkygolf.com,2018-08-03 00:00:00
w3cos.com,胡骏,个人,京ICP备14027116号-1,前端乐道,www.hujunr.com,2017-09-12 00:00:00
zhongchulin.com,河南中楚林农业有限公司,企业,豫ICP备14011935号-1,河南中楚林农业有限公司,www.zhongchulin.com,2014-06-19 00:00:00
lrrhz.com,辽润润滑脂,企业,辽ICP备09017457号-1,辽润润滑脂,www.lrrhz.com/index.asp,2019-09-03 00:00:00
5156stock.com,陈强,个人,苏ICP备14001988号-2,陈强的个人主页,www.5156stock.com,2018-05-10 00:00:00
job318.com,深圳市领路者科技有限公司,企业,粤ICP备12093127号-1,318猎聘网,www.job318.com,2019-06-04 00:00:00
abcaaaa.com,中油国际能源集团(深圳)有限公司,企业,粤ICP备16025952号-1,中油国际集团,www.abcaaaa.com,2017-12-26 00:00:00
botrees.com,晋晓平,个人,粤ICP备10039524号-1,六祖慧能菩提有缘人,www.botrees.com,2016-12-15 15:09:08
gxtzgl.com,广西投资项目建设管理协会,社会团体,桂ICP备12000623号-1,广西投资项目建设管理协会,www.gxtzgl.com,2020-05-29 00:00:00
rajypx.com,张方德,个人,豫ICP备18009191号-1,枝头蜻蜓,www.811092.com,2018-12-05 00:00:00
jftoyota.com,丽江聚丰汽车维修有限责任公司,企业,滇ICP备16007320号-1,丽江聚丰汽车修理服务中心,www.ljjufeng.com,2016-10-08 00:00:00
hbpcb.com,泊头臣龙电子设备有限公司,企业,冀ICP备11025929号-1,泊头臣龙电子设备有限公司,www.hbpcb.com,2019-07-27 00:00:00
gmycjx.com,高密市运成机械有限公司,企业,鲁ICP备15036191号,高密市运成机械有限公司,www.gmycjx.com,2018-03-10 18:02:08
u-zhan.com,彭武,个人,湘ICP备12014434号-1,优站,www.u-zhan.com,2019-08-13 00:00:00
5ixxy.com,吐鲁番市信乡缘葡萄种植农民专业合作社,企业,新ICP备14002545号-1,信乡缘生态农业,www.5ixxy.com,2014-08-11 00:00:00
qzyfsp.com,青州市玉芳食品有限公司,企业,鲁ICP备10021726号-1,青州市玉芳食品有限公司,www.qzyfsp.com,2018-08-27 00:00:00
huayi86.com,深圳市华谊工业材料有限公司,企业,粤ICP备14026468号-1,深圳市华谊工业材料有限公司官方网站,www.huayi86.com,2014-04-28 00:00:00
jinyuepjc.com,葫芦岛市华福实业公司锦粤碱厂,企业,辽ICP备12001306号-1,葫芦岛市华福实业公司锦粤碱厂,www.jinyuepjc.com,2017-08-11 00:00:00
dstgcxj.com,衡水德斯特工程橡胶有限公司,企业,冀ICP备15008456号-1,衡水德斯特工程橡胶有限公司,www.dstgcxj.com,2019-09-11 17:35:28
jlazx.com,吉林省安志祥参茸有限公司,企业,吉ICP备11004971号-1,吉林省安志祥参茸有限公司,www.jlazx.com,2018-09-17 00:00:00
fxwdl.com,阜新微动力信息服务有限责任公司,企业,辽ICP备11003085号-3,阜新微动力,www.fxwdl.com,2019-06-27 00:00:00
5didc.com,罗君杰,个人,湘ICP备11005731号-1,5D互联咨询,www.5didc.com,2019-09-18 00:00:00
qbwtz.com,河南千百万投资有限公司,企业,豫ICP备11014906号-1,河南千百万投资有限公司,www.qbwtz.com,2019-11-01 00:00:00
scutic.com,广州湘融财务咨询有限公司,企业,粤ICP备09193786号-1,广州湘融财务咨询有限公司,www.scutic.com,2012-05-24 00:00:00
shqincheng.com,上海勤程企业管理咨询有限公司,企业,沪ICP备17033793号-1,上海勤程企业管理咨询有限公司,www.shqincheng.com,2019-06-05 00:00:00
8fbp.com,云南八方爆破工程有限公司,企业,滇ICP备15002636号-1,云南八方爆破工程有限公司,www.8fbp.com,2019-08-09 00:00:00
liu-family.com,刘恒,个人,粤ICP备15023027号-1,刘的家庭,www.liu-family.com,2015-03-30 00:00:00
gztrrc.com,杭州滨兴科技股份有限公司,企业,浙B2-20080178-139,高新人才网,www.fjsmjob.com,2019-12-10 00:00:00
hnldjob.com,杭州滨兴科技股份有限公司,企业,浙B2-20080178-134,高新人才网,www.hnqhrc.com,2019-12-10 00:00:00
8mcm.com,陈晓,个人,闽ICP备15005996号-1,八闽网,www.8mcm.com,2019-03-26 00:00:00
wlyx18o.com,张雪琴,个人,渝ICP备14008983号-1,美丽绽放,www.wlyx18o.com,2018-11-01 00:00:00
gxgljob.com,杭州滨兴科技股份有限公司,企业,浙B2-20080178-138,高新人才网,www.gdjmrc.com,2019-12-10 00:00:00
hncdjob.com,杭州滨兴科技股份有限公司,企业,浙B2-20080178-134,高新人才网,www.hnqhrc.com,2019-12-10 00:00:00
gsbyrc.com,杭州滨兴科技股份有限公司,企业,浙B2-20080178-137,高新人才网,www.hnhhrc.com,2019-12-10 00:00:00
cctjm.com,湖北唐一实业发展有限公司,企业,鄂ICP备14018584号-2,唐一城市荆门,www.cctjm.com,2020-05-08 00:00:00
xzlzrc.com,杭州滨兴科技股份有限公司,企业,浙B2-20080178-139,高新人才网,www.fjsmjob.com,2019-12-10 00:00:00
sxxarc.com,杭州滨兴科技股份有限公司,企业,浙B2-20080178-141,高新人才网,www.sxhzrc.com,2019-12-10 00:00:00
jinyancc.com,江苏金炎通信有限公司,企业,苏ICP备14018224号-1,江苏金炎通信,www.jinyancc.com,2014-05-05 00:00:00
hljdqrc.com,杭州滨兴科技股份有限公司,企业,浙B2-20080178-141,高新人才网,www.sxhzrc.com,2019-12-10 00:00:00
wei36.com,北京网赢时代科技有限公司,企业,京ICP备09036411号-2,积木网,www.jeemoo.com,www.wei36.com,www.weixin800.net,2017-08-03 00:00:00
vaeshop.com,陈刚,个人,黔ICP备17001697号-2,七诺网,www.vaeshop.com,2017-08-09 00:00:00
xxwjzs.com,贵州鑫兴万家装饰有限公司,企业,黔ICP备18003250号-1,贵州鑫兴万家装饰有限公司,www.xxwjzs.com,2019-07-22 00:00:00
hfbona.com,北京华风博纳国际文化传播有限公司,企业,京ICP备13031110号-1,北京华风博纳国际文化传播有限公司,www.huafengbona.com,2018-09-13 00:00:00
fjndjob.com,杭州滨兴科技股份有限公司,企业,浙B2-20080178-139,高新人才网,www.fjsmjob.com,2019-12-10 00:00:00
dlbmotor.com,苏显波,个人,辽ICP备09007039号-1,大连电机北京网站,www.dlbmotor.com,2009-04-07 00:00:00
ebldg.com,王德胜,个人,粤ICP备18105468号-4,壹建网,www.ebldg.com,2018-08-27 00:00:00
kplianhui.com,开平市联辉彩印有限公司,企业,粤ICP备13082617号-1,开平市联辉彩印有限公司官方网站,www.kplianhui.com,2017-07-11 00:00:00
jhmpzs.com,金华美派装饰工程有限公司,企业,浙ICP备13025298号-1,金华美派装饰工程有限公司,www.jhmpzs.com,2019-07-12 00:00:00
hbxnjob.com,杭州滨兴科技股份有限公司,企业,浙B2-20080178-134,高新人才网,www.hnqhrc.com,2019-12-10 00:00:00
renchaoyi.com,北京盛视智汇文化传媒有限公司,企业,京ICP备14013423号-1,北京盛视智汇文化传媒有限公司,www.renchaoyi.com,2019-08-01 00:00:00
hnxxjob.com,杭州滨兴科技股份有限公司,企业,浙B2-20080178-136,高新人才网,www.hbhsjob.com,2019-12-10 00:00:00
13555919835.com,于海涛,个人,辽ICP备12012167号-1,于海涛个人主页,www.13555919835.com,2017-03-07 00:00:00
qiankui888.com,上海乾魁机械制造有限公司,企业,沪ICP备13004531号-1,上海乾魁机械制造有限公司,www.qiankui888.com,2019-09-25 00:00:00
gzgyjob.com,杭州滨兴科技股份有限公司,企业,浙B2-20080178-139,高新人才网,www.fjsmjob.com,2019-12-10 00:00:00
yaxuaiying.com,北京雅旭爱婴文化有限责任公司,企业,京ICP备18009554号-1,雅旭爱婴,www.yaxuaiying.com,2019-08-26 00:00:00
789028.com,成都市武侯区科技经贸专修学校,民办非企业单位,蜀ICP备08006516号-2,成都市科技经贸专修学校,www.789028.com,2019-01-03 00:00:00
jianhuct.com,建湖县城市建设投资有限公司,企业,苏ICP备16029857号-1,建湖县城市建设投资有限公司,www.jianhuct.com,2019-01-08 00:00:00
083186.com,重庆大嗓门电子商务有限公司,企业,渝ICP备12007006号-1,重庆大嗓门电子商务有限公司,www.083986.com,www.083786.com,www.083586.com,www.083386.com,www.083186.com,www.082786.com,www.082586.com,www.081786.com,www.083886.com,www.083686.com,www.083486.com,www.083286.com,www.083086.com,www.082686.com,www.081886.com,2019-08-02 00:00:00
ligaolei.com,李高垒,个人,豫ICP备16008893号-1,cn有我,www.cnyowo.com,2016-03-31 00:00:00
taozhaiyz.com,常州市智多星商务信息咨询有限公司扬州分公司,企业,苏ICP备13057959号-1,常州市智多星商务信息咨询有限公司扬州分公司,www.taozhaiyz.com,2013-11-25 00:00:00
yuexing-leasing.com,上海越兴融资租赁有限公司,企业,沪ICP备13010224号-1,上海越兴融资租赁有限公司,www.yuexing-leasing.com,2013-04-03 13:40:15
bjhtkn.com,北京航天科恩实验室装备工程技术有限公司,企业,京ICP备09052173号-1,北京航天科恩实验室装备工程技术有限公司,www.bjhtkn.com,2019-06-27 00:00:00
082586.com,重庆大嗓门电子商务有限公司,企业,渝ICP备12007006号-1,重庆大嗓门电子商务有限公司,www.083986.com,www.083786.com,www.083586.com,www.083386.com,www.083186.com,www.082786.com,www.082586.com,www.081786.com,www.083886.com,www.083686.com,www.083486.com,www.083286.com,www.083086.com,www.082686.com,www.081886.com,2019-08-02 00:00:00
gxhcrc.com,杭州滨兴科技股份有限公司,企业,浙B2-20080178-138,高新人才网,www.gdjmrc.com,2019-12-10 00:00:00
sfmsk.com,佛山市南海尚丰装饰材料厂,企业,粤ICP备14001383号-1,佛山市南海尚丰装饰材料厂官方网站,www.sfmsk.com,2017-07-13 00:00:00
083586.com,重庆大嗓门电子商务有限公司,企业,渝ICP备12007006号-1,重庆大嗓门电子商务有限公司,www.083986.com,www.083786.com,www.083586.com,www.083386.com,www.083186.com,www.082786.com,www.082586.com,www.081786.com,www.083886.com,www.083686.com,www.083486.com,www.083286.com,www.083086.com,www.082686.com,www.081886.com,2019-08-02 00:00:00
xnqljc.com,西宁城东麒麟建材厂,企业,青ICP备11000406号-1,西宁城东麒麟建材厂,www.xnqljc.com,2019-07-31 00:00:00
xj116114.com,李苗,个人,新ICP备13001517号-1,景点信息,www.xj116114.com,2013-08-18 00:00:00
xingruijk.com,郑州星瑞商贸有限公司,企业,豫ICP备11008236号,星瑞健康管理,www.xingruijk.com,2011-05-31 16:09:42
hscaomei.com,日照市东港区尚安天香草莓专业合作社,企业,鲁ICP备17005100号-1,日照市东港区尚安天香草莓专业合作社,www.hscaomei.com,2017-01-24 10:12:16
hsgddz.com,郑卫华,个人,皖ICP备11002176号,间接网,www.hsgddz.com,2019-06-11 15:32:02
hongyao-gift.com,余姚市宏耀电器有限公司,企业,浙ICP备11036438号-3,余姚市宏耀电器有限公司,www.hongyao-gift.com,2020-07-21 00:00:00
fjcjpx.com,王志峰,个人,闽ICP备07072052号-8,灯饰,www.dengshi.hk,2018-03-21 00:00:00
chunfengfm.com,新乡市春风阀门厂,企业,豫ICP备11002295号-1,新乡市春风阀门厂,www.chunfengfm.com,2011-02-18 00:00:00
metrees.com,薛付,个人,京ICP备15013209号-7,米树移动,www.metrees.com,2016-12-07 00:00:00
shengyejt.com,河北盛业实业集团有限公司,个人,冀ICP备08002801号-1,河北盛业实业集团有限公司,www.shengyejt.com,2017-01-18 00:00:00
ksnsdjd.com,江苏鑫赛德安装工程有限公司,企业,苏ICP备14038595号-1,江苏鑫赛德安装工程有限公司,www.ksnsdjd.com,2016-08-16 00:00:00
ishow1688.com,黄伟伟,个人,苏ICP备14029573号-4,黄伟伟的个人主页,www.ishow1688.com,2020-06-30 00:00:00
mmwdn.com,潘守杰,个人,粤ICP备14021926号-1,微技术,www.mmwdn.com,2018-06-29 00:00:00
4008002300.com,成都蜀岳科技有限公司,企业,蜀ICP备14013893号-2,成都蜀岳科技有限公司官方网站,www.4008002300.com,2020-07-18 00:00:00
mhafgq.com,温上荣,个人,苏ICP备16017575号-1,温上荣个人主页,www.mhafgq.com,2016-04-18 10:35:54
yydnc.com,友谊亿能商务有限公司,企业,黑B2-20111378,友谊大农场生态农业农产品交互服务平台,www.yydnc.com,2021-12-07 15:00:38
028luohu.com,成都互济有道商务信息咨询有限公司,企业,蜀ICP备16008613号,成都互济有道商务信息咨询有限公司,www.luohucd.comwww.028luohu.com,2018-08-24 16:13:07
zgxlys.com,自贡市祥龙彩灯艺术有限公司,企业,蜀ICP备18011067号,自贡市祥龙彩灯艺术有限公司,www.zgxlys.com,2020-05-27 09:53:14
qymingrui.com,王洪波,个人,鲁ICP备15002192号-1,个人展示,www.qymingrui.com,2018-10-19 00:00:00
shengjiangjijc.com,济南金创机械制造有限公司,企业,鲁ICP备10200009号-11,济南金创机械制造有限公司,www.shengjiangjijc.com,2019-02-03 14:56:54
yhr8.com,玉环县芦浦利业塑料制品厂,企业,浙ICP备11017952号-1,玉环县芦浦利业塑料制品厂,www.okooo888.com,2018-07-06 00:00:00
hanxingl.com,广州汉信通信设备有限公司,企业,粤ICP备08032431号-18,汉信光缆,www.gdhanxin.cn,2016-09-22 00:00:00
csgxcm.com,盐城市城市干线广告传媒有限公司,企业,苏ICP备11078325号-1,盐城市城市干线广告传媒有限公司,www.csgxcm.com,2015-06-02 00:00:00
sj-team.com,林培胜,个人,沪ICP备14024010号-3,SJTEAM独立开发爱好者,www.sj-team.com,2016-03-04 00:00:00
ceczo.com,中欧精典国际建筑装饰(北京)有限公司仁寿第一分公司,企业,蜀ICP备12006853号-1,中欧装饰,www.ceczo.com,2017-05-24 00:00:00
520lxh.com,杨钊鹏,个人,粤ICP备13043638号-1,我爱冷笑,www.520lxh.com,2017-10-31 00:00:00
merlosz.com,深圳市东成电子有限公司,企业,粤ICP备09061109号-3,东成硅胶网站,www.merlosz.com,2018-03-27 00:00:00
ledgtw.com,深圳市光世界科技有限公司,企业,粤ICP备13086516号-1,深圳市光世界科技有限公司,www.ledgtw.com,2017-03-02 00:00:00
molinyuan.com,安吉天子湖博意饭店,企业,浙ICP备15017591号-1,安吉天子湖博意饭店,www.molinyuan.com,2018-04-12 00:00:00
wxxfyh.com,顾军贤,个人,苏ICP备08101658号-1,顾军贤,www.wxxfyh.com,2017-04-14 00:00:00
shsing.com,王志伟,个人,粤ICP备18104938号-1,那片海,www.xtiyu.com,2018-08-23 00:00:00
sheltsy.com,成都市豪顶建筑材料有限公司,企业,蜀ICP备12006726号-2,成都市豪顶建筑材料有限公司,www.sheltsy.com,2016-09-14 00:00:00
czywqs.com,常州一网情深电子商务有限公司,企业,苏ICP备13018333号-1,常州一网情深电子商务有限公司,www.czywqs.cn,www.czywqs.com,www.qmjd.net,2017-10-31 00:00:00
jfdsgs.com,北京市俊凤达盛建筑材料有限公司,企业,京ICP备13037841号-1,北京市俊凤达盛建筑材料有限公司,www.jfdsgs.com,2017-07-26 00:00:00
vfazhan.com,黎小华,个人,粤ICP备20026810号-1,副业刚需,www.vfazhan.com,2020-04-17 00:00:00
jcarechina.com,北京八优网络科技有限公司,企业,京ICP备15026639号-7,JCARE珍珂儿,www.jcarechina.com,2019-09-09 00:00:00
dchuawei.com,谷艳娥,个人,冀ICP备17009172号-1,蓝色的星光,www.dchuawei.com,2019-11-25 00:00:00
xinlaolin.com,辽宁新老林食品有限公司,企业,辽ICP备11005138号-1,辽宁新老林食品,www.xinlaolin.com,2014-10-23 00:00:00
qdjgdb.com,深圳市龙岗区强鼎激光打标加工店,企业,粤ICP备18026168号-2,深圳市龙岗区强鼎激光打标加工厂,www.qdjgdb.com,2019-06-12 00:00:00
whyxsm.com,武汉市东西湖裕鑫辣椒卤料经营部,企业,鄂ICP备14001876号-1,武汉市东西湖裕鑫辣椒卤料经营部,www.whyxsm.com,2016-05-23 00:00:00
tldhsz.com,铜陵大华市政工程有限责任公司,企业,皖ICP备18006815号-1,铜陵大华市政工程有限责任公司,www.tldhsz.com,2018-10-26 00:00:00
tongkeyigou.com,淄博宽正数码网络科技有限公司,企业,鲁ICP备09014274号-15,全优典同课异构系统,www.tongkeyigou.cn,www.tkyg.net,www.tongkeyigou.net,www.tongkeyigou.com,2017-10-18 00:00:00
hggkqd.com,青岛中科亿嘉安防科技有限公司,企业,鲁ICP备16024598号,青岛中科亿嘉安防科技有限公司,www.jiahuasheng.com,2017-08-29 10:05:42
aichuiniu.com,邹春利,个人,京ICP备10218562号-2,爱吹牛,www.aichuiniu.com,2019-07-31 00:00:00
cxlube.com,广东创享润滑材料有限公司,企业,粤ICP备15072535号-1,广东创享润滑材料有限公司,www.cxlube.com,2018-05-17 00:00:00
yifae.com,宁夏济泉供水设备有限公司,企业,宁ICP备12000906号-4,宁夏济泉供水设备有限公司,www.yifae.com,2020-06-23 17:05:53
jqueryapp.com,漳州讨海人贸易有限公司,企业,闽ICP备13015866号,jquery技术栈,www.jqueryapp.com,2018-08-21 09:47:54
ad80.com,王文,个人,晋ICP备19011228号-21,温暖世界,www.ad80.com,2020-02-20 00:00:00
lqamc.com,北京隆庆资产管理有限公司,企业,京ICP备14017381号-1,北京隆庆资产管理有限公司,www.lqamc.com,2018-04-28 00:00:00
whytcs.com,武汉裕通昌盛印刷材料有限公司,企业,鄂ICP备19008491号-1,武汉裕通昌盛印刷材料有限公司,www.whytcs.com,2022-01-25 09:11:36
loveseem.com,蔡磊,个人,京ICP备16019207号-1,学习笔记,www.loveseem.com,2017-11-09 00:00:00
cdxxxy.com,成都新峡协屹商贸有限公司,企业,蜀ICP备15007304号-1,成都新峡协屹商贸有限公司,www.cdxxxy.com,2018-06-01 00:00:00
musns.com,冯毅,个人,蜀ICP备2021007913号,小李的梦想,www.musns.com,2021-04-06 16:25:03
1mtime.com,厦门中企信科技有限公司,企业,闽ICP备15026660号-22,一米时光网,www.1mtime.com,2019-05-09 00:00:00
zzsfwx.com,孙红超,个人,豫ICP备10211820号-1,四方维修知识网,www.zzsfwx.com,2019-11-01 00:00:00
hnqiming.com,孙素敏,个人,豫ICP备10209687号,启明网,www.hnqiming.com,2010-12-06 10:16:17
ddslm.com,西藏大德材料科技有限公司,企业,青ICP备19000310号-1,西藏大德材料科技,www.ddslm.com,2019-04-16 00:00:00
pjxkl.com,盘锦兴凯隆电子科技有限公司,企业,辽ICP备14008886号-1,盘锦兴凯隆电子科技有限公司,www.pjxkl.com,2016-06-15 00:00:00
czhuizhonggd.com,沧州汇众管道制造有限公司,企业,冀ICP备13006245号,沧州汇众管道制造有限公司,www.czhuizhonggd.com,2021-03-25 10:27:11
gcshenghuo.com,石家庄那年今天文化传媒有限公司,企业,冀ICP备18035929号-2,藁城生活网,www.gcshenghuo.com,2020-03-27 00:00:00
ksxiaqingbei.com,昆山市玉山镇大喜文化礼仪策划中心,企业,苏ICP备13026393号-1,夏青杯朗诵大赛江苏赛区报名网,www.jsxiaqingbei.com,2014-08-20 00:00:00
shdongjuwire.com,上海东聚电线有限公司,企业,沪ICP备12024928号-1,上海东聚电线有限公司,www.shdongjuwire.com,2018-09-06 00:00:00
yppdiy.com,王瑞丰,个人,京ICP备12033524号-1,D主题,www.dzhuti.net,2017-06-19 00:00:00
jiuzhexie.com,黄超,个人,鄂ICP备12003156号-1,就这些,www.jiuzhexie.com,2016-10-28 00:00:00
xinchengplaza.com,衡水鑫城房地产开发集团有限责任公司,企业,冀ICP备12019957号-2,鑫城都市广场,www.xinchengplaza.com,2016-08-15 00:00:00
dinhi.com,深圳市点汇科技有限公司,企业,粤ICP备13044586号-1,深圳市点汇科技有限公司,www.dinhi.com,2016-06-16 00:00:00
mhllshop.com,海城市裕丰服装制造有限公司,企业,辽ICP备13009248号-1,海城市裕丰服装制造有限公司,www.mhllshop.com,2019-07-29 00:00:00
sit168.com,丁永平,个人,粤ICP备17059697号-1,一起分享,www.sit168.com,2017-05-22 00:00:00
lemedesign.com,刘静,个人,鄂ICP备14016266号-1,乐雅柠檬,www.lemedesign.com,2018-01-19 00:00:00
shade8.com,上海拓曼建材有限公司,企业,沪ICP备09056587号-1,上海拓曼建材有限公司,www.tuoman.com,www.91zy.com.cn,www.shade8.com,2017-04-14 00:00:00
jufa114.com,深圳市法宝网络科技有限公司,企业,粤ICP备13083773号-1,聚法网,www.jufa114.com,2013-12-09 10:53:28
rzlqyj.com,日照市东港区吴家台龙泉旅馆,企业,鲁ICP备13028078号-1,日照市东港区吴家台龙泉旅馆,www.rzlqyj.com,2019-07-27 00:00:00
dingmaovip.com,淄博鼎茂网络科技有限公司,企业,鲁ICP备15041452号-2,淄博鼎茂网络科技有限公司,www.dingmaovip.com,2019-07-27 00:00:00
tthskj.com,大同市天泰豪盛科技有限公司,企业,晋ICP备12000609号-1,大同市天泰豪盛科技有限公司,www.tthskj.com,2019-06-26 00:00:00
bxgan.com,北京天龙益德不锈钢有限公司,企业,京ICP备12044655号-2,北京天龙益德不锈钢有限公司,www.bxgan.com,2019-07-31 00:00:00
happytournet.com,深圳市顺游天下旅游服务有限公司,企业,粤ICP备14024647号-1,顺心旅游,www.happytournet.com,2018-12-11 00:00:00
053498.com,德州市德城区优佰广告设计中心,企业,鲁ICP备13029947号-4,优佰网络科技,www.053418.com,2018-10-18 00:00:00
bys7.com,朱晓琦,个人,浙ICP备17046293号-1,分享站,www.lye8.com,2017-10-17 00:00:00
lffsxh.com,临汾市副食流通商业协会,企业,晋ICP备16000544号-1,临汾市副食流通商业协会,www.lffsxh.com,2016-01-18 00:00:00
chjzzy.com,湖北畅启通科技有限公司,企业,鄂ICP备15021211号-2,湖北畅启通科技有限公司,www.chjzzy.com,2017-05-25 00:00:00
hsjwl.com,广州好数据网络科技有限公司,企业,粤ICP备2021058942号,广州好数据网络科技有限公司,www.hsjwl.com,2021-04-30 16:23:44
gree-yf.com,山东格力中央空调工程有限公司,企业,鲁ICP备12022424号-8,山东格力中央空调工程有限公司,www.gree-hj.com,www.gree-ky.com,www.gree-hw.com,www.gree-ca.com,www.gree-kh.com,www.gree-hf.com,www.gree-yf.com,www.gree-jl.com,2018-06-15 00:00:00
pingyuanhengxin.com,平原县恒信管件经销处,企业,鲁ICP备15011689号-1,平原县恒信管件经销处,www.pingyuanhengxin.com,2019-07-27 00:00:00
imeiker.com,青岛众人伟业网络科技有限公司,企业,鲁ICP备16044960号-3,青岛众人伟业网络科技有限公司,www.amcess.com,2019-09-02 00:00:00
jpkomota.com,昆山科茂泰机械贸易有限公司,企业,苏ICP备14032336号-1,昆山科茂泰机械贸易有限公司,www.jpkomota.com,2017-07-17 00:00:00
hakqdj.com,淮安康乾低速电机有限公司,企业,苏ICP备13058339号-1,淮安康乾低速电机有限公司,www.hakqdj.com,2013-11-26 00:00:00
bgvfx.com,青岛百格映像传媒有限公司,企业,鲁ICP备12017348号-1,青岛百格映像传媒有限公司,www.bgvfx.com,2019-07-20 00:00:00
xingmeicj.com,北京金世时创科技有限公司,企业,京ICP备14007991号-3,金世时创,www.xingmeicj.com,2019-08-01 00:00:00
whhlcd.com,武汉合力创达电子科技有限公司,企业,鄂ICP备12002179号-1,武汉合力创达电子科技有限公司,www.whhlcd.com,2019-06-04 00:00:00
qk180.com,金栋梁,个人,浙ICP备2021016758号,我的个人文章,www.qk180.com,2021-06-01 10:56:17
gk886.com,吉林省立海科技有限公司,企业,吉ICP备17007341号-13,吉林省立海科技有限公司,www.dw884.com,2018-08-17 00:00:00
cxmonkey.com,李明泽,个人,京ICP备16006284号-2,爱技术爱生活,www.limingze.cc,2019-08-08 00:00:00
ajielina.com,南宁市阿洁莉娜商贸有限公司,企业,桂ICP备12002721号-1,阿洁莉娜,www.ajielina.com,2016-08-17 00:00:00
tc7789.com,沈绍达,个人,黔ICP备15000413号-3,菜鸟望星空,www.cnwxk.com,2015-03-31 00:00:00
tongzhuangpinpai.com,商丘九天广告有限公司,企业,豫ICP备12013342号-2,商丘九天广告有限公司,www.tongzhuangpinpai.com,2013-05-12 11:54:25
hzysdq.com,惠州市惠城区意胜电器经销部,企业,粤ICP备15016717号-1,惠州市惠城区意胜电器经销部官方网站,www.hzysdq.com,2016-07-28 00:00:00
anxiaojiu.com,蒋吉义,个人,沪ICP备14038180号-2,安小九,www.anxiaojiu.com,2020-04-22 00:00:00
smilezrp.com,周羽朋,个人,蜀ICP备15011237号-1,学生服务网,www.smilezrp.com,2019-07-15 00:00:00
z3r0day.com,张博,个人,蒙ICP备15000270号-2,个人首页,www.z3r0day.com,2018-01-10 00:00:00
lpfww.com,李鹏飞,个人,京ICP备15052725号-1,长风荡天,www.lpfww.com,2017-04-06 00:00:00
bcsnkj.com,北川神侬农业科技发展有限公司,企业,蜀ICP备16026010号-1,北川神侬农业科技发展有限公司,www.bcsnkj.com,2017-12-07 00:00:00
6428084.com,市北区享泰旺装饰总汇,企业,鲁ICP备12032778号-1,市北区享泰旺装饰总汇,www.6428084.com,2019-07-27 00:00:00
top1job.com,北京玖赚科技有限公司,企业,京ICP备18050381号-2,玖赚招聘,www.top1job.com,2020-03-24 00:00:00
shanxihuihe.com,运城市盐湖区解州潜水电泵配件厂,企业,晋ICP备14002374号-1,运城市盐湖区解州潜水电泵配件厂,www.shanxihuihe.com,2017-07-11 00:00:00
glysbc.com,莫碧俊,个人,桂ICP备13007302号-1,小莫师傅,www.glysbc.com,2013-12-23 00:00:00
tianmengs.com,蒋劲松,个人,陕ICP备13006126号-1,美好人生,www.tianmengs.com,2018-08-01 00:00:00
longtunet.com,乐山龙图网络科技有限责任公司,企业,蜀ICP备15004886号-1,龙图网络,www.longtunet.com,2019-10-08 00:00:00
fcmaidong.com,三台县永明镇本源麦冬种植专业合作社,企业,蜀ICP备13003885号-1,三台县永明镇本源麦冬种植专业合作社,www.fcmaidong.com,2019-08-27 00:00:00
ewashapp.com,深圳市宜家信息技术服务有限公司,企业,粤ICP备14074882号-2,e 家洗,www.ewashapp.com,2018-04-04 00:00:00
zhongbuguolv.com,武汉中部国际旅行社有限公司,企业,鄂ICP备13012232号-2,武汉中部国际旅行社有限公司,www.zhongbuguolv.com,2017-05-25 00:00:00
hnzprcw.com,王运湖,个人,粤ICP备13079893号-2,个人简历下载网,www.hnzprcw.com,2014-04-08 00:00:00
home-lifes.com,宁波雅卓展览服务有限公司,企业,浙ICP备09101302号-6,宁波国际时尚生活博览会,www.fashion-life.com.cn,2018-04-08 00:00:00
ymhgs.com,北京一睦虹工程咨询有限公司,企业,京ICP备15009352号-1,北京一睦虹工程咨询有限公司,www.ymhgs.com,2019-03-20 00:00:00
hbhanbei.com,湖北汉贝化工有限公司,企业,鄂ICP备15013474号-1,湖北汉贝化工有限公司,www.hbhanbei.com,2018-03-20 00:00:00
cdc99.com,上海双首实业有限公司,企业,沪ICP备16007981号-18,上海双首实业有限公司,www.cdc99.com,2019-01-24 00:00:00
tckjsc.com,山西同城快键科技有限公司,企业,晋ICP备15001798号-1,同城快键商城,www.tckjsc.com,2019-11-15 00:00:00
buoda.com,冯康康,个人,琼ICP备16003509号-1,鹿畔阳光,www.buoda.com,2019-09-29 00:00:00
tljcgt.com,天津市天龙津诚钢铁贸易有限公司,企业,津ICP备13000652号-3,天津市天龙津诚钢铁贸易有限公司,www.tljcgt.com,2019-07-26 00:00:00
jiashangjj.com,恩施市嘉尚家居有限责任公司,企业,鄂ICP备15019074号-1,嘉尚家居,www.jiashangjj.com,2018-10-30 00:00:00
jiafangzn.com,苏州甲方智能科技有限公司,企业,苏ICP备14045295号-1,苏州甲方智能科技有限公司,www.jiafangzn.com,2018-01-19 00:00:00
diarabin.com,武汉奥古美景园林工程有限公司,企业,鄂ICP备18029276号-7,武汉奥古美景园林工程有限公司,www.stemizkan.com,2019-03-03 00:00:00
shanweinj.com,余云萍,个人,苏ICP备13012498号-1,余云萍,www.shanweinj.com,2014-08-20 00:00:00
xjaltrc.com,杭州滨兴科技股份有限公司,企业,浙B2-20080178-128,高新人才网,www.gxhzrc.com,2019-12-10 00:00:00
hengjizhaoye.com,成都恒基兆业机械设备制造有限公司,企业,蜀ICP备12000069号-1,成都恒基兆业机械设备制造有限公司,www.hengjizhaoye.com,www.cdhjzy.net,2019-08-08 00:00:00
zyyck.com,河南永新网络科技有限公司,企业,豫ICP备14023412号-8,河南永新网络科技有限公司,www.zyyck.com,2014-11-26 00:00:00
ahyhlp.com,朱向坤,个人,皖ICP备12000093号-2,一禾网,www.ahyhlp.com,2016-09-06 00:00:00
shtuce.com,上海图策信息科技有限公司,企业,沪ICP备14046248号-1,上海图策信息科技有限公司,www.shtuce.com,2016-10-15 00:00:00
huitongshaiji.com,藁城市汇通机械厂,企业,冀ICP备14005389号-1,藁城市汇通机械厂,www.huitongshaiji.com,2018-06-06 00:00:00
sdlsgw.com,马良俊,个人,蜀ICP备13019358号-1,我的律师网,www.sdlsgw.com,2018-01-17 00:00:00
tianyiqihua.com,郑州天翼企业策划有限公司,企业,豫ICP备11022814号-1,郑州天翼企业策划有限公司,www.tianyiqihua.com,2013-09-26 00:00:00
toptold.com,陈鹏,个人,蒙ICP备15000062号-1,TOPTOLD个人风采,www.toptold.com,2018-05-18 00:00:00
jsxc-group.com,江苏信成电器总厂,企业,苏ICP备13006384号-1,江苏信成电器总厂,www.jsxc-group.com,2013-01-31 00:00:00
surans.com,素然（广州）商贸有限公司,企业,粤ICP备18072553号-5,素然（广州）商贸有限公司,www.surans.com,2018-06-19 00:00:00
chengniutv.com,深圳市橙牛在线网络科技有限公司,企业,粤ICP备16010264号-1,深圳市橙牛在线网络科技有限公司,www.chengniutv.com,2018-06-29 00:00:00
zsjldoor.com,中山市杰力自动化设备有限公司,企业,粤ICP备19040811号-1,中山市杰力自动化设备有限公司,www.zsjldoor.com,2019-04-19 00:00:00
jlsyzysd.com,吉林省松原市竹苑书店,企业,吉ICP备10002450号-1,吉林省松原竹苑书店,www.jlsyzysd.com,2019-06-26 00:00:00
qd-jz.com,青岛长城巨龙电缆有限公司,企业,鲁ICP备16002826号-2,青岛长城巨龙电缆有限公司,www.qd-jz.com,2018-10-29 00:00:00
fzyuehui.com,福州悦辉副食品配送有限公司,企业,闽ICP备17011984号-1,悦辉副食品,www.fzyuehui.com,2019-07-01 00:00:00
manxinlian.com,泰州曼信联商品经营有限公司,企业,苏ICP备18004454号-1,曼信联,www.manxinlian.com,2018-01-26 00:00:00
cacc-fs.com,成都市服饰行业商会,社会团体,蜀ICP备15003658号-1,成都市服饰行业商会,www.cacc-fs.com,2015-02-04 00:00:00
edo-star.com,卓盛一品（北京）国际餐饮管理有限公司,企业,京ICP备11030977号-3,卓盛一品（北京）国际餐饮管理有限公司,www.edo-star.com,2019-05-20 00:00:00
matchwill.com,南京西电网络科技有限公司,企业,苏ICP备12023242号-1,南京西电网络科技有限公司,www.matchwill.com,www.matchwill.cn,2018-05-22 00:00:00
szhxygd.com,深圳恒新源光电科技有限公司,企业,粤ICP备13053351号-1,深圳恒新源光电科技有限公司官方网站,www.szhxygd.com,2017-06-21 00:00:00
024byer.com,拜博医疗集团有限公司沈阳大东拜博拜尔口腔门诊部,企业,辽ICP备15015064号-7,沈阳拜尔,024byer.com,2017-04-18 00:00:00
dongdazg.com,郑州东大广告装饰材料有限公司,企业,豫ICP备14026193号-1,郑州东大广告装饰材料有限公司,www.dongdazg.com,2017-05-19 00:00:00
jiangshuanghuahui.com,昆明江爽花卉有限公司,企业,滇ICP备17002709号-1,昆明江爽花卉有限公司,www.jiangshuanghuahui.com,2020-07-02 10:58:31
wzaws.com,萧集祥,个人,桂ICP备18004959号-1,小吉祥,www.wzaws.com,2018-05-23 10:42:12
hssjf.com,南京卓学教育咨询有限公司,企业,苏ICP备08000137号,卓学教育,www.hssjf.comwww.ylytz.comwww.zxjyzx.com,2021-07-23 10:45:45
ylxy58.com,深圳市依莲相依商贸有限公司,企业,粤ICP备15047306号-1,依莲相依女装批发一件代发,www.ylxy58.com,2017-03-28 00:00:00
bjzwht.com,北京卓为恒天科技有限公司,企业,京ICP备14012387号-1,北京卓为恒天科技有限公司,www.bjzwht.com,2020-04-07 00:00:00
meiyinyue.com,付银杰,个人,浙ICP备15037512号-1,美景收集网,www.meiyinyue.com,2016-12-15 00:00:00
crgkxx.com,薛城区新时代广告设计中心,企业,鲁ICP备15014566号-2,薛城区新时代广告设计中心,www.crgkxx.com,www.jywedu.com,2019-08-31 00:00:00
9vip9.com,郑州市金水区家和灵宝羊肉汤馆,企业,豫ICP备11009562号,郑州市金水区家和灵宝羊肉汤馆,www.9vip9.com,2011-04-29 10:44:22
wgx99.com,东莞市力超电子科技有限公司,企业,粤ICP备11047306号-8,力超丝印机,www.wgx99.com,2015-06-02 00:00:00
114taiqiu.com,无锡雷明超声波设备有限公司,企业,苏ICP备14039750号-1,无锡雷明超声波设备有限公司发展,www.114taiqiu.com,2016-08-10 00:00:00
biranjidian.com,沈阳碧然机电设备有限公司,企业,辽ICP备12016795号-2,沈阳碧然机电设备有限公司,www.biranjidian.com,2018-12-05 00:00:00
xajbxhg.com,西安金博鑫化工科技有限公司,企业,陕ICP备18005096号-1,西安金博鑫化工科技有限公司,www.xajbxhg.com,2019-07-13 00:00:00
dyhbsy.com,东营浩邦塑业有限责任公司,企业,鲁ICP备17026990号-1,东营浩邦塑业有限责任公司,www.dyhbsy.com,2020-05-13 00:00:00
bingxinczwl.com,上海冰鑫物流有限公司,企业,沪ICP备11040174号-3,上海冰鑫物流有限公司,www.bingxinczwl.com,2019-05-15 00:00:00
bdqngk.com,合肥一元教育咨询有限公司,企业,皖ICP备13012660号-3,合肥一元教育,www.bdqngk.com,2019-01-08 00:00:00
syyhzdh.com,沈阳耀华自动化设备有限公司,企业,辽ICP备10202040号-1,沈阳耀华自动化设备有限公司,www.syyhzdh.com,2013-07-12 00:00:00
mingzhizhu.com,河南明之珠商贸有限公司,企业,豫ICP备17007794号-1,河南明之珠商贸有限公司,www.mingzhizhu.com,2018-03-15 00:00:00
wenyuanjy.com,张兆富,个人,吉ICP备14005827号-1,后现代小铅笔,www.wenyuanjy.com,2014-11-20 13:07:46
hnxqyp.com,河南晓趣饮品有限公司,企业,豫ICP备18015882号-1,河南晓趣饮品有限公司,www.hnxqyp.com,2019-07-20 00:00:00
jsnjlx.com,南京龙晓智能化系统有限公司,企业,苏ICP备13018596号-1,南京龙晓智能化系统有限公司,www.jsnjlx.com,2013-04-11 14:03:39
lfzly.com,深圳市四方互联科技有限公司,企业,粤ICP备15073874号-5,龙凤智乐园,www.lfzly.com,2019-05-31 00:00:00
zoytrains.com,成都茵格玛服饰有限公司,企业,蜀ICP备11020078号-9,茵格玛铁路班列服饰供应网,www.zoytrains.com,2019-11-26 00:00:00
xjksjob.com,杭州滨兴科技股份有限公司,企业,浙B2-20080178-128,高新人才网,www.gxhzrc.com,2019-12-10 00:00:00
hntechage.com,湖南中科时代电子科技有限公司,企业,湘ICP备15004433号-1,湖南中科时代电子科技有限公司,www.hntechage.com,2019-09-24 15:28:49
dsgtzx.com,岱山县高亭镇高亭中心小学,事业单位,浙ICP备11037300号-1,高亭中心小学,www.dsgtzx.com,2017-09-30 00:00:00
dongfangcaishang.com,郑州东方财商教育信息服务有限公司,企业,豫ICP备13021538号,郑州东方财商教育信息服务有限公司,www.dongfangcaishang.com,2013-11-08 10:41:51
lindongsheng.com,邓奕诚,个人,粤ICP备19105539号-1,星座运势,www.lindongsheng.com,2019-08-28 17:18:06
bczmdq.com,邯郸市博诚照明电器有限公司,企业,冀ICP备09027776号-1,博诚照明电器有限公司,www.bczmdq.com,2011-07-01 00:00:00
hzxysn.com,轩辕水暖超市,企业,鲁ICP备10206558号-1,轩辕水暖超市,www.hzxysn.com,2010-11-19 00:00:00
737612.com,孙树仁,个人,苏ICP备13013868号-1,爱沟够,www.agw.cc,2013-03-21 00:00:00
bjlzls.com,来亮,个人,京ICP备12051994号-2,靓在璐尚,www.bjlzls.com,2018-01-29 00:00:00
jrhg888.com,韩国昌,个人,京ICP备14030832号-4,好再来888网,www.jrhg888.com,2016-08-01 00:00:00
islaser.com,义乌市镭石美容器具有限公司,企业,浙ICP备12032013号-3,浙江镭石光电科技有限公司,www.islaser.com,2019-08-16 00:00:00
jgtstone.com,南宁景冠庭石材有限责任公司,企业,桂ICP备14001440号-1,南宁景冠庭石材有限责任公司,www.jgtstone.com,2014-03-31 00:00:00
29msd.com,南京芙尔友网络科技有限公司,企业,苏ICP备15017018号-1,南京芙尔友网络科技有限公司,www.29msd.com,2019-07-26 00:00:00
sy8d.com,北京十羽建筑装饰设计工程有限公司,企业,京ICP备11014562号-1,十羽装饰网,www.sy1188.com,2018-11-21 00:00:00
jlgzk.com,长春市英华教育培训学校,,吉ICP备16004652号,长春市英华教育培训学校,www.yhedug.com,2018-10-18 16:06:58
syxlzxspx.com,沈阳智虹职业培训学校,,辽ICP备08006584号,沈阳心理咨询师培训,www.syxlzxspx.com,2019-07-29 15:11:41
lskletkfzx.com,涟水县康乐儿童康复中心,,苏ICP备17068892号,涟水县康乐儿童康复中心,www.lskletkfzx.com,2017-11-20 14:19:02
jlgzk.com,长春市英华教育培训学校,,吉ICP备16004652号,长春市英华教育培训学校,www.yhedug.com,2018-10-18 16:06:58
syxlzxspx.com,沈阳智虹职业培训学校,,辽ICP备08006584号,沈阳心理咨询师培训,www.syxlzxspx.com,2019-07-29 15:11:41
lskletkfzx.com,涟水县康乐儿童康复中心,,苏ICP备17068892号,涟水县康乐儿童康复中心,www.lskletkfzx.com,2017-11-20 14:19:02
