网址,统计数量,敏感词,搜索-1,快照-1,搜索-2,快照-2,搜索-3,快照-3,搜索-4,快照-4,搜索-5,快照-5,搜索-6,快照-6,搜索-7,快照-7,搜索-8,快照-8,搜索-9,快照-9,搜索-10,快照-10,搜索-11,快照-11,搜索-12,快照-12,搜索-13,快照-13,搜索-14,快照-14,搜索-15,快照-15,
daymatxa.com,0,无结果,
0632zs.com,0,无结果,
scuba69.com,0,无结果,
3494vxgb.com,0,无结果,
inlantu.com,0,无结果,
desimply.com,0,无结果,
16888hy.com,0,无结果,
bcpj001.com,0,无结果,
axmxjmgw.com,0,无结果,
vollmark.com,0,无结果,
vallobra.com,0,无结果,
booking-net.com,1,无结果,-河源市摩托车销售有限公司,www.booking-net.com,
wsuis.com,0,无结果,
xiyiye518.com,0,无结果,
chuntechan.com,0,无结果,
edilcea.com,0,无结果,
0898dhw.com,0,无结果,
108sport.com,0,无结果,
513773.com,0,无结果,
mikoseat.com,0,无结果,
6fvahow1.com,0,无结果,
pjttsj.com,0,无结果,
666zqwz.com,0,无结果,
cqsdjxpj.com,0,无结果,
onvigu.com,0,无结果,
xeronine.com,0,无结果,
find-ez.com,0,无结果,
azai3shimai.com,0,无结果,
a2txb.com,0,无结果,
lolitas12.com,0,无结果,
bisaklat.com,0,无结果,
ai-tao-bao.com,0,无结果,
brownpried.com,0,无结果,
k3-drug.com,0,无结果,
stihlmap2.com,0,无结果,
mensfame.com,0,无结果,
554349.com,0,无结果,
ics4tech.com,0,无结果,
0730mm.com,0,无结果,
lfccmzd.com,0,无结果,
kpg02.com,0,无结果,
kgw9878.com,0,无结果,
avrosoft.com,0,无结果,
aumcm.com,0,无结果,
binuplus.com,0,无结果,
gzbhzx.com,0,无结果,
sofiloomis.com,0,无结果,
700wancpw.com,0,无结果,
atmmedya.com,0,无结果,
isporindia.com,0,无结果,
010sqlxs.com,0,无结果,
cliprags.com,0,无结果,
cebukali.com,0,无结果,
cardtune.com,0,无结果,
chatblvd.com,0,无结果,
e0ke.com,0,无结果,
1509509.com,0,无结果,
tianyits.com,0,无结果,
gitedefoyt.com,0,无结果,
guratori.com,0,无结果,
1886577.com,0,无结果,
022hnsh.com,0,无结果,
agentamigo.com,0,无结果,
jingbaquan.com,0,无结果,
cdlgsc.com,0,无结果,
mindasseet.com,0,无结果,
1312259.com,0,无结果,
starwelove.com,0,无结果,
tovar911.com,0,无结果,
2905905.com,0,无结果,
fknnz.com,0,无结果,
iansapps.com,0,无结果,
linqchat.com,0,无结果,
quickeg.com,0,无结果,
theantistress.com,0,无结果,
gretlex.com,0,无结果,
jackgao.com,0,无结果,
1905905.com,0,无结果,
qddeyou.com,0,无结果,
1509615.com,0,无结果,
3257pj69.com,0,无结果,
1722140.com,0,无结果,
4121997.com,0,无结果,
jmzhushu.com,0,无结果,
7735603.com,0,无结果,
ta-lend.com,0,无结果,
1935821.com,0,无结果,
5509715.com,0,无结果,
snnxn.com,0,无结果,
dwsdress.com,0,无结果,
tehnobazar.com,0,无结果,
1509915.com,0,无结果,
1705705.com,0,无结果,
lasodita.com,0,无结果,
5636815.com,0,无结果,
1509815.com,0,无结果,
2705705.com,0,无结果,
6607607.com,0,无结果,
restorme.com,0,无结果,
2905615.com,0,无结果,
todaygd.com,0,无结果,
8607607.com,0,无结果,
1501501.com,0,无结果,
6605605.com,0,无结果,
mixror.com,1,必赢|彩票|赢彩|,为什么必赢彩票开售_手机网游排行榜,www.mixror.com,
etstp.com,0,无结果,
monerollc.com,0,无结果,
0480796.com,0,无结果,
0713669.com,0,无结果,
0394627.com,0,无结果,
xjwgu.com,0,无结果,
6605615.com,0,无结果,
nanfangye.com,0,无结果,
3579710.com,0,无结果,
2801801.com,0,无结果,
99eco.com,0,无结果,
eosoj.com,0,无结果,
dearbonny.com,0,无结果,
leblogdejc.com,0,无结果,
xhui58.com,0,无结果,
yegifts.com,0,无结果,
phkangda.com,0,无结果,
huiqx.com,0,无结果,
hongtainz.com,0,无结果,
nanyanghe.com,0,无结果,
hlldoors.com,0,无结果,
rinkdeltona.com,0,无结果,
saffronz.com,0,无结果,
xchbn.com,0,无结果,
qdzhongan.com,0,无结果,
a-climat.com,0,无结果,
fcatexlporer.com,0,无结果,
shijitaoyuan.com,0,无结果,
reneefilms.com,0,无结果,
zhzrsm.com,0,无结果,
squrox.com,0,无结果,
webbeep.com,0,无结果,
repair-diesel.com,0,无结果,
vcobc.com,0,无结果,
silvaniphoto.com,0,无结果,
torbluejaysgear.com,0,无结果,
edu-study.com,0,无结果,
shhhsx888.com,0,无结果,
freeyoungminds.com,0,无结果,
marseillecapital.com,2,无结果,阴阳怪气网,.marseillecapital.com,保国安民网,www.marseillecapital.com,
qdscrm.com,0,无结果,
hehudarz.com,0,无结果,
hunklove.com,0,无结果,
lianbangkeji.com,0,无结果,
theofilosphotography.com,0,无结果,
luliansiwang.com,0,无结果,
gracia-equity.com,0,无结果,
mumianh.com,0,无结果,
jinguol.com,0,无结果,
nutronixupdates.com,0,无结果,
ahmeichen.com,0,无结果,
xjlygf.com,0,无结果,
quyunge.com,0,无结果,
yazile.com,0,无结果,
feiyichina.com,0,无结果,
anyvibramfivefingers.com,0,无结果,
hzjukai.com,0,无结果,
vraivr.com,0,无结果,
frsng.com,0,无结果,
sddszs.com,0,无结果,
fenlaotou.com,0,无结果,
qutaomei.com,0,无结果,
jiagongke.com,0,无结果,
jinzuojiao.com,0,无结果,
yoca-paper-folder.com,0,无结果,
xujiaxu.com,0,无结果,
nuoyabi.com,0,无结果,
njyhys.com,0,无结果,
kinkandvd.com,0,无结果,
1fw2.com,0,无结果,
xuguoji.com,0,无结果,
qianbao77.com,0,无结果,
b14r.com,0,无结果,
rx4kc.com,0,无结果,
yongdonghui.com,0,无结果,
zhengmingxi.com,0,无结果,
zhouyasheng.com,0,无结果,
anpudun.com,0,无结果,
ynqyhr.com,0,无结果,
cplyw.com,0,无结果,
haosichuan.com,0,无结果,
zl-th.com,2,娱乐|尊龙|ag国际|,HTML SiteMap,zl-th.com,尊龙娱乐ag国际官网_手机游戏排行榜,www.zl-th.com,
a1-ar.com,0,无结果,
rq118.com,0,无结果,
yyyqzt.com,0,无结果,
xuefenghui.com,0,无结果,
tsxsdq.com,1,无结果,金银双脆网,tsxsdq.com,
hrtx8.com,0,无结果,
hhjt6.com,0,无结果,
fengyada.com,0,无结果,
dushaphoto.com,0,无结果,
isp64.com,0,无结果,
wanqianjing.com,0,无结果,
shanshuilan.com,0,无结果,
zuijiadadang.com,0,无结果,
fav-x.com,0,无结果,
huayunbao.com,0,无结果,
xutao68.com,0,无结果,
ezy99.com,0,无结果,
zhongdekt.com,0,无结果,
tianchongmuliao.com,0,无结果,
changchunge.com,2,足球|,没有找到站点,www.changchunge.com,足球最近比赛,changchunge.com,
ngcview.com,0,无结果,
youchengren.com,1,无结果,
babaiqiao.com,1,无结果,垂帘听政网,babaiqiao.com,
luochuan360.com,0,无结果,
561shou.com,0,无结果,
siweichuangyi.com,0,无结果,
lfhc1818.com,0,无结果,
sjzxiaoyuan.com,1,无结果,不三不四网,sjzxiaoyuan.com,
beixinzhong.com,0,无结果,
chenshiya.com,0,无结果,
qbg1.com,3,无结果,若明若暗网,www.qbg1.com,若明若暗网,qbg1.com,滁州在线,.qbg1.com,
yangliutang.com,0,无结果,
outaiqi.com,2,无结果,莼鲈之思网,outaiqi.com,莼鲈之思网,www.outaiqi.com,
huang17bai.com,0,无结果,
xiaohualing.com,0,无结果,
qklhp.com,0,无结果,
wutonggao.com,3,无结果,如日方升网,www.wutonggao.com,如日方升网,wutonggao.com,易车网,135.wutonggao.com,
qiaohuasuan.com,0,无结果,
luodingshi.com,0,无结果,
funerd.com,1,无结果,a4yy青苹果_宜君县体育网,x1r.funerd.com,
liuxiaobing.com,0,无结果,
hongheqi.com,0,无结果,
yiyangdian.com,0,无结果,
yiminkai.com,0,无结果,
hongyuxin.com,1,下载|,安卓游戏-安卓应用市场-安卓软件下载-app软件下载,8hf.hongyuxin.com,
jeepngypsy.com,0,无结果,
trixycat.com,0,无结果,
jinzhi6.com,0,无结果,
guoyuanzheng.com,0,无结果,
fsrundi.com,0,无结果,
zxnoveon.com,0,无结果,
zhichengcai.com,0,无结果,
dongshenglin.com,0,无结果,
xianxiongdi.com,0,无结果,
lijunshi.com,0,无结果,
luojiazhuang.com,0,无结果,
yiweilyz.com,0,无结果,
huidianww.com,2,久久|,HTML SiteMap,www.huidianww.com,久久只有这里有精品4-旗下探探APP遭下架 陌陌科技盘前跌超...,www.huidianww.com,
wiqh8130.com,0,无结果,
echovapour.com,0,无结果,
xcmbshb.com,0,无结果,
chengrenyqb.com,0,无结果,
lnncb.com,0,无结果,
lytzzp.com,0,无结果,
teqile.com,1,无结果,HTML SiteMap,teqile.com,
ltxxki.com,0,无结果,
cui-xuan.com,0,无结果,
fshzc.com,0,无结果,
ssvucc.com,0,无结果,
balitouch.com,0,无结果,
web-cub.com,0,无结果,
gxcfit.com,0,无结果,
plcrj.com,0,无结果,
gydlc.com,0,无结果,
zshuahong.com,0,无结果,
panzhaoxi.com,0,无结果,
samatir.com,0,无结果,
guoguwen.com,0,无结果,
proxgdj.com,0,无结果,
360xbao.com,0,无结果,
jk-kohwa.com,0,无结果,
mg-skincare.com,0,无结果,
baysandwales.com,0,无结果,
52dny.com,0,无结果,
socialworkerking.com,0,无结果,
ytghx.com,0,无结果,
ccmjob.com,0,无结果,
dealseea.com,0,无结果,
wai-lab.com,0,无结果,
0477ydx.com,0,无结果,
mininghss.com,0,无结果,
langtianart.com,0,无结果,
daldak.com,0,无结果,
jinhuamz.com,0,无结果,
hkddp.com,0,无结果,
szxsvipls.com,0,无结果,
stuboa.com,1,亚洲|老湿|,老湿机亚洲福利免费福利_木垒哈萨克自治县体育网,h5n.stuboa.com,
cr913.com,1,无结果,
xianqixiyi.com,0,无结果,
sincerefriends.com,0,无结果,
soubuyang.com,0,无结果,
yqysmkj.com,0,无结果,
josiesrealestate.com,0,无结果,
hsdianzi.com,2,发财|,人不聊生网,www.hsdianzi.com,发财好事网,3329924483.hsdianzi.com,
4l1h.com,0,无结果,
wpsbl.com,0,无结果,
cfjrwlg.com,0,无结果,
909324.com,0,无结果,
zjling.com,0,无结果,
huafuren-gz.com,0,无结果,
dqzyxk.com,0,无结果,
bqsgame.com,0,无结果,
spzhanbanji.com,0,无结果,
1980f.com,0,无结果,
vpsings.com,0,无结果,
samanculture.com,0,无结果,
hanhuitang.com,0,无结果,
jizhijianshen.com,0,无结果,
wangpincoffee.com,2,下载|,HTML SiteMap,wangpincoffee.com,安卓软件下载_android软件,lz2.wangpincoffee.com,
xinlibai.com,0,无结果,
huangrentouzi.com,0,无结果,
mmjaf.com,0,无结果,
my-cereals.com,0,无结果,
yinhe701.com,0,无结果,
sdgoldsky.com,0,无结果,
314453.com,0,无结果,
mad-creation.com,0,无结果,
lwsytl.com,0,无结果,
jiaoqizhi.com,0,无结果,
pastificiosoldano.com,0,无结果,
ht35.com,0,无结果,
jubal-kane.com,0,无结果,
xingfulianren.com,1,无结果,不绝于耳网,xingfulianren.com,
goodessaywriting.com,0,无结果,
petiteclat.com,0,无结果,
netbanter.com,0,无结果,
oumaida.com,1,无结果,同舟共济网,92.oumaida.com,
taboo-boo.com,0,无结果,
trzykropek.com,0,无结果,
playstation247.com,0,无结果,
comicslut.com,0,无结果,
psconsultinginc.com,0,无结果,
cywmw.com,0,无结果,
tclaa.com,1,无结果,大肉网,16339.tclaa.com,
loufeng999.com,0,无结果,
xwbxg.com,4,无结果,金钱牛排网,7m1zgyf8x.xwbxg.com,【【武汉蹦极】】,l101wa3mh5.xwbxg.com,眉飞眼笑网,cr.xwbxg.com,前功尽弃网,zm.xwbxg.com,
0769zhihao.com,1,无结果,火烛银花网,www.0769zhihao.com,
zhabeisongshui.com,0,无结果,
lijizhang.com,0,无结果,
iginoise.com,0,无结果,
henanyujincheng.com,0,无结果,
yihezhuang.com,0,无结果,
njcrr.com,0,无结果,
ifif8.com,0,无结果,
yaojinde.com,0,无结果,
riqi924.com,0,无结果,
fkslc.com,0,无结果,
atspjx.com,0,无结果,
qiaoshihui.com,0,无结果,
slo5s.com,0,无结果,
uyouhome.com,0,无结果,
liyuanhua.com,0,无结果,
lnglgg.com,0,无结果,
chaoyi168.com,0,无结果,
tjgee.com,0,无结果,
51xuexiwz.com,0,无结果,
ludesen.com,0,无结果,
yanxii.com,0,无结果,
taotaoao.com,0,无结果,
gxironfx.com,0,无结果,
tuixiuabb.com,0,无结果,
ybiezao.com,0,无结果,
sctx99.com,37,登录|三牛|大赢家|足彩|,黄金岛主页-首页,faceba48.sctx99.com,黄金岛官网-首页,edfeng34.sctx99.com,富贵三宝-首页,befcmh67.sctx99.com,天堂巴比伦平台-首页,fedayh79.sctx99.com,三牛登陆-首页,adbdpt1.sctx99.com,天堂巴比伦网站-首页,eacdex72.sctx99.com,雪缘园足彩-首页,cbacwe72.sctx99.com,大赢家体育-首页,befcwe17.sctx99.com,ceo登录网址-首页,eacdhm22.sctx99.com,在线掼蛋网页-首页,ceddrc76.sctx99.com,
phjingujian.com,0,无结果,
tensto.com,0,无结果,
chinacsppro.com,0,无结果,
zbydkj.com,0,无结果,
feixiangren.com,0,无结果,
singcomm.com,0,无结果,
gdjinlu.com,0,无结果,
591ff.com,0,无结果,
canticosccb.com,0,无结果,
shfangtai.com,0,无结果,
gxhthf.com,0,无结果,
tulemei.com,0,无结果,
strdxfxt.com,0,无结果,
027jindian.com,0,无结果,
8cvr.com,0,无结果,
qingjiewuyou.com,0,无结果,
kxgameo.com,0,无结果,
yinhe999youxi.com,0,无结果,
hqchess.com,0,无结果,
jinaochess.com,0,无结果,
qsxpw.com,0,无结果,
bjls369.com,0,无结果,
reheshuiguo.com,0,无结果,
pandasto.com,0,无结果,
hami24tour.com,0,无结果,
daisunfilms.com,0,无结果,
huanledaoyouxi.com,0,无结果,
qkxcl.com,0,无结果,
kxcmn.com,0,无结果,
chinakunqi.com,0,无结果,
kxcmo.com,0,无结果,
jbchess.com,0,无结果,
ddw5k.com,0,无结果,
diyiha.com,0,无结果,
o05a.com,0,无结果,
dzychess.com,0,无结果,
haitaibei.com,0,无结果,
apearofsisters.com,0,无结果,
ailiz.com,0,无结果,
9487166.com,0,无结果,
moonlight-united.com,0,无结果,
2820933.com,0,无结果,
shanghaiwangzhanjianshezhe.com,0,无结果,
mhjskj.com,0,无结果,
zaojiaobaobao.com,0,无结果,
5000gold.com,0,无结果,
shkcf.com,0,无结果,
xyzcheng.com,0,无结果,
bisnisin4link.com,0,无结果,
bafangc.com,0,无结果,
daisunfilm.com,0,无结果,
cusmus.com,0,无结果,
shkbr.com,0,无结果,
jsjqw33.com,0,无结果,
peakthinking.com,0,无结果,
shkdc.com,0,无结果,
ngbole.com,0,无结果,
nctshg.com,0,无结果,
weixiuziyuan.com,0,无结果,
shjcr.com,0,无结果,
mabu-madi.com,0,无结果,
qcjcw.com,0,无结果,
gp49.com,0,无结果,
kirk3.com,0,无结果,
baru88.com,0,无结果,
shjdk.com,0,无结果,
blshw.com,0,无结果,
dmdsw.com,0,无结果,
cqjfsdmygs.com,0,无结果,
msdllp.com,0,无结果,
gzbww.com,0,无结果,
agumbo.com,0,无结果,
jinxmd.com,0,无结果,
strada32.com,0,无结果,
dhlbg.com,0,无结果,
www70939.com,0,无结果,
mndrws.com,0,无结果,
1pptmoban.com,0,无结果,
456205.com,0,无结果,
109-tv.com,0,无结果,
51-online.com,0,无结果,
aflameg.com,0,无结果,
sf1h.com,0,无结果,
wxshunfa.com,0,无结果,
mrmolar.com,0,无结果,
345739.com,0,无结果,
bsnfpr.com,0,无结果,
game039.com,0,无结果,
182038.com,0,无结果,
345762.com,0,无结果,
067858.com,0,无结果,
456510.com,0,无结果,
015080.com,0,无结果,
moxingsucai.com,0,无结果,
345716.com,0,无结果,
tuzhicad.com,0,无结果,
51ruanjianwang.com,0,无结果,
kaoshizyw.com,0,无结果,
peifangxiaochi.com,0,无结果,
kxmdj.com,0,无结果,
airenxue.com,0,无结果,
wanhanhui.com,1,亚博|,亚博取现到账超快速,www.wanhanhui.com,
ceshishoulu001.com,0,无结果,
ausfreshmeat.com,0,无结果,
gzwza-cloud.com,0,无结果,
tlbb22.com,0,无结果,
zjyuangong.com,0,无结果,
bjpuertea.com,0,无结果,
gogo-fanli.com,0,无结果,
chintelecom.com,0,无结果,
intlgiftscanada.com,0,无结果,
intrue-myhome.com,0,无结果,
kabaoqianbao.com,0,无结果,
taizhouhangqiu.com,0,无结果,
mingyu-porceiain.com,0,无结果,
shjybwrq.com,0,无结果,
homelove-kinfe.com,0,无结果,
xyicshuangjie.com,0,无结果,
bwfschool.com,0,无结果,
facebookzhongwenwang.com,0,无结果,
dianwo1958.com,0,无结果,
guaituw.com,0,无结果,
cz22488.com,0,无结果,
gongzhushe.com,0,无结果,
zdz8207.com,0,无结果,
blnew.com,0,无结果,
hvfzshrpfueb.com,0,无结果,
merimobies.com,0,无结果,
ballinaislandmotorinn.com,2,下载|,欧博体育手机app下载,ballinaislandmotorinn.com,阿里体育注册app,www.ballinaislandmotorinn.com,
beibeigoudai.com,0,无结果,
vipyy2011.com,0,无结果,
kfwpyyctzmpk.com,0,无结果,
duowanyy-udb.com,0,无结果,
duowanyybk-2010.com,0,无结果,
zhongyelawyer.com,0,无结果,
idesk8.com,0,无结果,
dnf1578.com,0,无结果,
yy-2011.com,0,无结果,
chatte-brune.com,0,无结果,
qiqisav.com,0,无结果,
id-yy.com,0,无结果,
pingouw.com,0,无结果,
024tuanlogo.com,0,无结果,
songqianfamily.com,0,无结果,
sentuohanjie.com,0,无结果,
7888yx.com,0,无结果,
weldinggelmet.com,0,无结果,
98yyduowan.com,0,无结果,
infiniti-kmzzy.com,0,无结果,
6saodi.com,0,无结果,
airllquidewelding.com,0,无结果,
sldhu.com,0,无结果,
sky-998.com,0,无结果,
shmdar.com,0,无结果,
xyongfu.com,0,无结果,
chengdegay.com,0,无结果,
lidaiool.com,0,无结果,
sigemanest.com,0,无结果,
callwelding.com,0,无结果,
fihcm.com,0,无结果,
yuefugarden.com,0,无结果,
xxjqbg.com,0,无结果,
taylor-sudwelding.com,0,无结果,
taiwanfunabori.com,0,无结果,
lismiacoaching.com,0,无结果,
pm779.com,0,无结果,
luneous.com,0,无结果,
beidaihevilla.com,0,无结果,
osyunwi.com,0,无结果,
rururtia.com,0,无结果,
newbalance574damesko.com,0,无结果,
hilaryduffmobile.com,0,无结果,
zsxqedu.com,0,无结果,
q4967.com,0,无结果,
depression-diskussion.com,0,无结果,
normrossignolart.com,0,无结果,
bluehostcoupon101.com,0,无结果,
jin757434948.com,0,无结果,
gzsthp.com,0,无结果,
ai-battery.com,0,无结果,
pubistudio.com,1,无结果,截辕杜辔网,www.pubistudio.com,
etllwarnimg.com,0,无结果,
junyixiang.com,0,无结果,
cspooks.com,0,无结果,
cheche-midi.com,0,无结果,
acr-edlition.com,0,无结果,
ynhhp.com,0,无结果,
nx-cbn.com,0,无结果,
chekandian.com,0,无结果,
7k7k-xiaoyouxi.com,0,无结果,
balivemes.com,0,无结果,
ela-koren.com,0,无结果,
cepaducs.com,0,无结果,
andrewnumberg.com,0,无结果,
299jn.com,0,无结果,
wwwgolflogix.com,0,无结果,
hachettek-jeunesse.com,0,无结果,
editionpalettec.com,0,无结果,
darknight-sm.com,0,无结果,
97luluke.com,0,无结果,
szchuangjianjian.com,0,无结果,
369temai.com,0,无结果,
pianfokids.com,0,无结果,
578999comn.com,1,无结果,三与 上海有限公司_苏州欧福蛋业有限公司_深圳市 高 有限...,www.578999comn.com,
wangmingit.com,0,无结果,
hahapilu.com,0,无结果,
haipilu16.com,0,无结果,
conteudoproarte.com,0,无结果,
guanyingcompany888.com,0,无结果,
yingxiyun.com,0,无结果,
naidiu101.com,0,无结果,
hcnjua.com,0,无结果,
naijxiu101.com,0,无结果,
naixiou101.com,0,无结果,
rockandsoulfashion.com,0,无结果,
mbtschuhende.com,0,无结果,
021qtq.com,0,无结果,
ps3tongle.com,0,无结果,
hbyswelding.com,0,无结果,
jstarsoft.com,0,无结果,
duowanqb.com,0,无结果,
ru-yellowpages.com,0,无结果,
tutorsanjosecalifornia.com,0,无结果,
qlmssbx.com,0,无结果,
wake-top.com,0,无结果,
jsemw97.com,0,无结果,
cwoiu.com,0,无结果,
furongtie.com,0,无结果,
395679.com,0,无结果,
pj1599.com,0,无结果,
aosfc.com,0,无结果,
kiiooni.com,0,无结果,
bjcym.com,0,无结果,
pj0602.com,0,无结果,
bjdnz.com,0,无结果,
bjctl.com,0,无结果,
ebizassam.com,0,无结果,
pj4052.com,0,无结果,
pj4308.com,0,无结果,
xtgfw.com,0,无结果,
gogreenreloaded.com,0,无结果,
bjbbh.com,0,无结果,
cptg888.com,0,无结果,
fjkaiyun.com,0,无结果,
xhsbw.com,0,无结果,
huililssws.com,0,无结果,
okhole.com,0,无结果,
ybsbw.com,0,无结果,
xpsbw.com,0,无结果,
bjdgk.com,0,无结果,
tkggw.com,0,无结果,
bjbhz.com,0,无结果,
xpggw.com,0,无结果,
wksbw.com,0,无结果,
bjdnh.com,0,无结果,
ybggw.com,0,无结果,
szsrm.com,0,无结果,
bjdkr.com,0,无结果,
bjbdg.com,0,无结果,
ypsbw.com,0,无结果,
szxbq.com,0,无结果,
bjbgg.com,0,无结果,
ygggw.com,0,无结果,
xwggw.com,0,无结果,
jhwx8.com,0,无结果,
szsqf.com,0,无结果,
szsxn.com,0,无结果,
szspj.com,0,无结果,
hyyscc.com,0,无结果,
inlandkwpp.com,0,无结果,
027mianbaoche.com,0,无结果,
oylaowu.com,0,无结果,
fslw2016.com,1,真人|,乐橙真人-首页,faafox32.fslw2016.com,
cpqcc.com,0,无结果,
jhj58.com,0,无结果,
szylkt.com,0,无结果,
kertuan.com,0,无结果,
ao9m.com,0,无结果,
ap5f.com,0,无结果,
hecairen.com,0,无结果,
ao6f.com,0,无结果,
sztdly.com,4,下载|直播|,乐橙官方网站-首页,bbbbrs74.sztdly.com,下载环球时报-首页,caecms25.sztdly.com,360免费体育直播-首页,aafaiy63.sztdly.com,vs对战平台-首页,eefbnt30.sztdly.com,
ao9w.com,0,无结果,
ao5q.com,0,无结果,
sz-hsyj.com,0,无结果,
0519lady.com,0,无结果,
jlixh.com,0,无结果,
zgjspjw.com,0,无结果,
longtengmc.com,0,无结果,
nbjszy.com,0,无结果,
miaobi0909.com,0,无结果,
sjzchangze.com,0,无结果,
etong8.com,0,无结果,
tstsjx.com,0,无结果,
yz913.com,0,无结果,
gynfch.com,0,无结果,
guchengzx.com,0,无结果,
liheyy.com,15,下载|亚洲|直播|玛雅|三牛|满贯|欢乐|聚宝盆|王牌|,大满贯Ⅳ-首页,aaedpm50.liheyy.com,大满贯官方下载-首页,cbeexz6.liheyy.com,聚宝盆官方网-首页,aeedgx58.liheyy.com,三牛登陆-首页,afadhg71.liheyy.com,劲爆直播-首页,debdis38.liheyy.com,在线掼蛋网页-首页,fbfegc71.liheyy.com,玛雅maya-首页,baaejn26.liheyy.com,王牌亚洲-首页,afadlf26.liheyy.com,意甲联赛app-首页,caabtv32.liheyy.com,欢乐谷在线网址-首页,aeedyu55.liheyy.com,
lynszh.com,0,无结果,
sparkle137.com,0,无结果,
th3977.com,0,无结果,
derunhr.com,0,无结果,
zhgle.com,24,下载|亚洲|玛雅|满贯|开户|王牌|,玛雅MAYA入口-首页,fdddlv12.zhgle.com,乐橙官网下载-首页,aefapp3.zhgle.com,天堂巴比伦平台-首页,aefaio71.zhgle.com,vs对战平台-首页,aefavp6.zhgle.com,天堂巴比伦平台-首页,aefayu8.zhgle.com,王牌亚洲-首页,dfafjq5.zhgle.com,在线掼蛋游戏-首页,aefaxv56.zhgle.com,彩之网首页-首页,aefaim82.zhgle.com,大满贯||-首页,aefass1.zhgle.com,兰桂坊开户地址-首页,aefawe80.zhgle.com,
zjtbkj.com,0,无结果,
hycrab.com,0,无结果,
vcdsc.com,0,无结果,
xmlede.com,0,无结果,
ntthxdc.com,0,无结果,
whrete.com,0,无结果,
zzmzzyzz.com,0,无结果,
hnwmcy.com,0,无结果,
damiru.com,0,无结果,
jnxinwei.com,0,无结果,
dgfoot.com,0,无结果,
tyafsc.com,0,无结果,
pzhamm.com,0,无结果,
yobpc.com,0,无结果,
chontee.com,0,无结果,
hmhtjd.com,0,无结果,
ffforex.com,0,无结果,
guopix.com,0,无结果,
viaidi.com,0,无结果,
wwtbb.com,0,无结果,
dxzyhs.com,0,无结果,
xsifili.com,0,无结果,
sii-do.com,0,无结果,
pennsmm.com,0,无结果,
flcxw.com,0,无结果,
bssdpc.com,0,无结果,
yzylh.com,0,无结果,
wajueshebei.com,0,无结果,
nizi0535.com,0,无结果,
cnxggw.com,0,无结果,
recztq.com,0,无结果,
xthuaning.com,0,无结果,
baoyiji-qj.com,0,无结果,
sdmengguchun.com,0,无结果,
woliantz.com,0,无结果,
syhahui.com,0,无结果,
srongzb.com,0,无结果,
fdxdkj.com,0,无结果,
xinyuanfanggu.com,0,无结果,
dpl952.com,0,无结果,
szqingjikej9.com,0,无结果,
yisipusoft.com,0,无结果,
zlnfzhyy.com,0,无结果,
zqffnmzyhzs.com,0,无结果,
sxdinhua.com,0,无结果,
gycyxh.com,0,无结果,
sznanshakji.com,0,无结果,
glqzxhm.com,0,无结果,
riscochina.com,0,无结果,
chf315.com,0,无结果,
ynmc123.com,0,无结果,
zhbxgmc.com,0,无结果,
ycyynk.com,0,无结果,
xxlysbgs.com,0,无结果,
nengzhiba.com,0,无结果,
yangzhie169.com,0,无结果,
zhipenban.com,0,无结果,
xhagriculture.com,0,无结果,
baodacaipiao.com,0,无结果,
baiking2008.com,0,无结果,
banchendb.com,0,无结果,
yushan888.com,0,无结果,
xinbangbwg.com,0,无结果,
muhezimusic.com,0,无结果,
jyd2526.com,0,无结果,
dtitii.com,0,无结果,
ytzhutingqi.com,0,无结果,
sanpual.com,0,无结果,
instincture.com,0,无结果,
yhdhv.com,0,无结果,
njyema.com,0,无结果,
turrancehotel.com,0,无结果,
hobowhores.com,0,无结果,
sancmeeting.com,0,无结果,
yhjsjj.com,0,无结果,
diannaobao8.com,0,无结果,
qhiehome.com,0,无结果,
estallo-sl.com,0,无结果,
jasenprovence.com,0,无结果,
ateliersign.com,0,无结果,
gianakossafos.com,0,无结果,
wholesalepride.com,0,无结果,
waynerooneyhq.com,0,无结果,
kailejia888.com,0,无结果,
leyee123.com,0,无结果,
dy518it.com,0,无结果,
ykz7.com,0,无结果,
tongfeng200.com,0,无结果,
guanxun123.com,0,无结果,
amazing369.com,0,无结果,
dg0935.com,0,无结果,
tryq51.com,0,无结果,
roadshow100.com,0,无结果,
yulcc35.com,0,无结果,
facai8v.com,0,无结果,
zhuanwayao.com,0,无结果,
misszhu0708.com,0,无结果,
jici22.com,0,无结果,
baojun510.com,0,无结果,
xihhjyyy8.com,0,无结果,
yljkj360.com,0,无结果,
gpone168.com,0,无结果,
usgou8.com,0,无结果,
kl8jb.com,1,无结果,阳江尚湾庆租赁有限公司-企业首页,kl8jb.com,
qzrf88.com,0,无结果,
fxss2005.com,0,无结果,
sddhswkj.com,0,无结果,
xhs123.com,0,无结果,
cfpx2016.com,0,无结果,
tsrd108.com,0,无结果,
xueshen8.com,0,无结果,
id2005.com,0,无结果,
unitedbest33.com,0,无结果,
htai168.com,0,无结果,
ycyq365.com,0,无结果,
media0514.com,0,无结果,
mamashou8.com,0,无结果,
jingmao365.com,3,视频|,漳平台源元红酒有限公司-企业首页,jingmao365.com,男人插曲女人视频软件_男人和女人做人爱视频_男人插曲女人...,www.jingmao365.com,兴宁市驾凌跑步有限公司的首页,kaili.jingmao365.com,
sanymotor.com,0,无结果,
yjby123.com,0,无结果,
pulse1000.com,0,无结果,
wx5star.com,0,无结果,
cdhuabei9999.com,0,无结果,
ssrp72.com,0,无结果,
xinlei2008.com,0,无结果,
toprich888.com,0,无结果,
tzxh0523.com,0,无结果,
gftd120.com,0,无结果,
oursun2008.com,0,无结果,
zylm2768.com,0,无结果,
jingo888.com,0,无结果,
bjgm123.com,0,无结果,
yoy1gnike.com,1,无结果,恩平市喜德士光伏有限公司的首页,small.yoy1gnike.com,
hbswdq168.com,0,无结果,
heiyanjing00.com,0,无结果,
nihao2006.com,0,无结果,
apps1024.com,0,无结果,
ailegou520.com,0,无结果,
keyhinge2008.com,0,无结果,
ch99ch.com,0,无结果,
bjay300.com,0,无结果,
cctv5525.com,0,无结果,
camper2011.com,0,无结果,
c2clook.com,0,无结果,
cq114xx.com,0,无结果,
coach1bag.com,0,无结果,
dash2k4.com,0,无结果,
enxu888.com,0,无结果,
crystal886.com,0,无结果,
diy5168.com,0,无结果,
fengshi321.com,0,无结果,
love53park.com,0,无结果,
hrzmy68.com,0,无结果,
midea618.com,0,无结果,
idc95599.com,0,无结果,
gx2005.com,0,无结果,
mydvd365.com,0,无结果,
dongda2auto.com,0,无结果,
rgb114.com,0,无结果,
qianhu2s.com,0,无结果,
xinxing110.com,0,无结果,
aroma330.com,0,无结果,
bbl321.com,0,无结果,
c21saopaolo.com,0,无结果,
it51918.com,0,无结果,
tao301.com,0,无结果,
52bush.com,0,无结果,
guolu2008.com,0,无结果,
xn158.com,0,无结果,
wzdl999.com,0,无结果,
mc663.com,0,无结果,
5yfun.com,0,无结果,
itdiy168.com,0,无结果,
51zkjy.com,0,无结果,
cyz316.com,0,无结果,
91emt.com,0,无结果,
b2b111.com,0,无结果,
ghkj17.com,0,无结果,
mldjf123.com,0,无结果,
cyou361.com,0,无结果,
meirui2017.com,0,无结果,
ego555.com,0,无结果,
0755macd.com,0,无结果,
jxszsmzb.com,1,电影|,沙梨电影网,.jxszsmzb.com,
52shitou.com,0,无结果,
haohuo88.com,0,无结果,
tushu119.com,0,无结果,
hinoki1688.com,0,无结果,
520jianzhan.com,0,无结果,
zjgxms.com,0,无结果,
yxthsc8.com,0,无结果,
f8zs.com,0,无结果,
wxshenxi.com,5,欧美|小说|五月天色|三级|影院|黄片|性爱|色小说|爆乳|伦理|三级片|五月天|在线观看|色色|,有没有和午夜宫一样的网站欧美三级性爱官网-广一门窗缩短...,wxshenxi.com,男女互操日本爆乳理论片-若何辨别PVC材质和PE材质的缩短膜,wxshenxi.com,伦理三级片在线观看五月天色色小说-热缩短膜零售 拉伸环绕...,wxshenxi.com,日系日妣小黄片4480私人影院香蕉-广东缩短机出产厂家_定制...,wxshenxi.com,
tianyuanqiche.com,0,无结果,
ejcfn.com,0,无结果,
mmmsw.com,0,无结果,
xmwx360.com,0,无结果,
legendshanghai.com,0,无结果,
gsysw.com,0,无结果,
hnxdrfl.com,0,无结果,
dbtsw.com,0,无结果,
jmkcm.com,0,无结果,
jqzwy.com,0,无结果,
jfhcm.com,0,无结果,
kfy76.com,0,无结果,
hsewt.com,0,无结果,
cchzkj.com,0,无结果,
fzlys.com,0,无结果,
sdxdwenhua.com,5,彩票|,“社会效率推动力榜单”公布 Testin老彩票、旷视、搜狗上榜,www.sdxdwenhua.com,遍历兼容测试-老彩票 助力产业智能化|测试 安全 推广 AI数据,www.sdxdwenhua.com,老彩票-快手-让应用更有价值,www.sdxdwenhua.com,老彩票|渗透测试、在线渗透测试、渗透性测试,www.sdxdwenhua.com,58同城-老彩票 助力产业智能化,www.sdxdwenhua.com,
tenghuahb.com,1,无结果,百度一下 你就知道,tenghuahb.com,
xaniguang.com,0,无结果,
sxzongli.com,0,无结果,
xinaoliqing.com,2,下载|插插|彩金|,下载注册秒送18彩金,www.xinaoliqing.com,公交车上从后入好爽啊啊啊 这样的女人爽死你 性插插午夜剧场,xinaoliqing.com,
i8114.com,0,无结果,
ttle579.com,0,无结果,
szpinxia.com,0,无结果,
akkst.com,0,无结果,
f-bartl.com,0,无结果,
wxfuzhong.com,0,无结果,
mlsqy.com,0,无结果,
dgsenen.com,0,无结果,
scdcyxx.com,0,无结果,
sdaxjx.com,0,无结果,
gzdonghao.com,0,无结果,
yxtsjz.com,0,无结果,
jzjyqs.com,0,无结果,
tqgjy.com,0,无结果,
tjjlbgt1.com,0,无结果,
ahfengfei.com,1,大发|,大发德州,tqbb5ai.ahfengfei.com,
sdkangke.com,0,无结果,
gxywmj.com,0,无结果,
szyc56888.com,0,无结果,
hnjgry.com,0,无结果,
jilinaxjyjz.com,0,无结果,
minyuanmuye.com,0,无结果,
cnshenxu.com,0,无结果,
cfghhq.com,0,无结果,
chmzdl.com,0,无结果,
ksspyz.com,0,无结果,
dzbnkt.com,0,无结果,
cqsdt.com,0,无结果,
xayundou.com,0,无结果,
ntdeming.com,0,无结果,
bjhtxc.com,0,无结果,
hy88oem.com,0,无结果,
jukaizc.com,0,无结果,
cenree.com,0,无结果,
lfqunhai.com,0,无结果,
zbjhyl.com,0,无结果,
jhmrgjd.com,0,无结果,
entegou.com,0,无结果,
canadavisaapply.com,0,无结果,
miyunoffice.com,0,无结果,
hn-zky.com,0,无结果,
jxtaqy.com,0,无结果,
sr011.com,0,无结果,
chinafbzl.com,0,无结果,
yy-kg.com,0,无结果,
nethrd.com,0,无结果,
xajc888.com,0,无结果,
gushengyuanny.com,0,无结果,
5comeback.com,0,无结果,
ezonetime.com,0,无结果,
synjjm.com,0,无结果,
sugaridc.com,0,无结果,
ziyoulushang.com,0,无结果,
hi-suqiang.com,0,无结果,
pingpingcaomei.com,0,无结果,
shjyxyb.com,0,无结果,
pdf78.com,0,无结果,
xamrjk.com,0,无结果,
dadeartcenter.com,0,无结果,
huazi-plastics.com,0,无结果,
djzhenxianpian.com,0,无结果,
beggar8.com,0,无结果,
gzyongxing88.com,0,无结果,
ylyumbrellaart.com,0,无结果,
farkbx.com,0,无结果,
rjmlzd.com,0,无结果,
qiqianggongsi.com,0,无结果,
longjiaowang.com,0,无结果,
ertongkq.com,0,无结果,
728268.com,0,无结果,
shzxyp.com,0,无结果,
728698.com,0,无结果,
jlsjspfc.com,0,无结果,
rzafjbu.com,0,无结果,
zh681.com,0,无结果,
zhenzhu1314.com,0,无结果,
cssyty.com,0,无结果,
728218.com,0,无结果,
768278.com,0,无结果,
658328.com,0,无结果,
728768.com,0,无结果,
698718.com,0,无结果,
718398.com,0,无结果,
718268.com,0,无结果,
718378.com,0,无结果,
698728.com,0,无结果,
728918.com,0,无结果,
658398.com,0,无结果,
718528.com,0,无结果,
728368.com,0,无结果,
658578.com,0,无结果,
698178.com,0,无结果,
698258.com,0,无结果,
628978.com,0,无结果,
698368.com,0,无结果,
718658.com,0,无结果,
698278.com,0,无结果,
658728.com,0,无结果,
928278.com,0,无结果,
698528.com,0,无结果,
758128.com,0,无结果,
978768.com,0,无结果,
758928.com,0,无结果,
928658.com,0,无结果,
978398.com,0,无结果,
978358.com,0,无结果,
928398.com,0,无结果,
758978.com,0,无结果,
928718.com,0,无结果,
978218.com,0,无结果,
978298.com,0,无结果,
928768.com,0,无结果,
398358.com,0,无结果,
758218.com,0,无结果,
768378.com,0,无结果,
758328.com,0,无结果,
758368.com,0,无结果,
758278.com,0,无结果,
628218.com,0,无结果,
798618.com,0,无结果,
628358.com,0,无结果,
758378.com,0,无结果,
768578.com,0,无结果,
728968.com,0,无结果,
758268.com,0,无结果,
578728.com,0,无结果,
628718.com,0,无结果,
628798.com,0,无结果,
758628.com,0,无结果,
568928.com,0,无结果,
398528.com,0,无结果,
398618.com,0,无结果,
628378.com,0,无结果,
978258.com,0,无结果,
758618.com,0,无结果,
398918.com,0,无结果,
398968.com,0,无结果,
398658.com,0,无结果,
528718.com,0,无结果,
568728.com,0,无结果,
378268.com,0,无结果,
358798.com,0,无结果,
398978.com,0,无结果,
378918.com,0,无结果,
378258.com,0,无结果,
358978.com,0,无结果,
378358.com,0,无结果,
398178.com,0,无结果,
358728.com,0,无结果,
378658.com,0,无结果,
378298.com,0,无结果,
398218.com,0,无结果,
378928.com,0,无结果,
358928.com,0,无结果,
368728.com,0,无结果,
368298.com,0,无结果,
328658.com,0,无结果,
328798.com,0,无结果,
328698.com,0,无结果,
328718.com,0,无结果,
358278.com,0,无结果,
328198.com,0,无结果,
328618.com,0,无结果,
218658.com,0,无结果,
298628.com,0,无结果,
278618.com,0,无结果,
218378.com,0,无结果,
qh663.com,0,无结果,
967658.com,0,无结果,
latstrat.com,0,无结果,
dmisepm.com,0,无结果,
tranzakk.com,0,无结果,
masonkid.com,0,无结果,
mengjbuy.com,0,无结果,
acerake.com,2,影视|下载|竞彩足球|竞彩|比分|足球|赔率|,ady影视_bt天堂牭缬癣APP全能版下载,around.acerake.com,竞彩足球比分赔率_十大正规竞彩平台_北京智霖博雅展览有限...,wlcb.acerake.com,
meatinv.com,0,无结果,
namespr.com,0,无结果,
drtshow.com,0,无结果,
outoki.com,1,福彩|双彩|比分|3d|,球探比分篮球nba黑马_福彩3d字谜双彩滚雪球_济宁东达机电...,yb.outoki.com,
vuitblau.com,0,无结果,
afstands.com,0,无结果,
occsales.com,3,直播|竞彩足球|竞彩|彩票|走势图|双色球|比分|足球|赌|,竞彩网足球比分直播500直播计划_竞彩足球直播比分360代理_...,lz.occsales.com,网易彩票网双色球走势图免费群_赌大小概率_珠海柯斯达机电...,wlcb.occsales.com,麦久彩票网双色球走势图直播计划_网上买彩票被骗立案吗_上...,since.occsales.com,
etapjoin.com,0,无结果,
totwotoo.com,0,无结果,
taxpca.com,0,无结果,
pockast.com,2,直播|竞彩足球|预测|竞彩|彩票|走势图|比分|足球|体彩|,澳客网彩票网竞彩足球走势图_体彩app哪个好精准规律公式_...,cz.pockast.com,竞彩篮球直播比分500预测网_中国篮球竞彩网预测分析_广州...,zg.pockast.com,
vliveit.com,0,无结果,
cindyhot.com,0,无结果,
mededrx.com,1,竞彩|北京快乐|快乐8|,北京快乐8和值_篮球竞彩推荐软件_山东迪浩环保有限公司,kl.mededrx.com,
mfamuk.com,0,无结果,
svgpack.com,0,无结果,
opnstore.com,0,无结果,
hbdytkm.com,3,下载|直播|竞彩|竞猜|稳赚|比分|足球|,深圳市方显科技有限公司,www.hbdytkm.com,云豹官网下载计划_竞彩篮篮球比分直播稳赚不亏_乐居房产,public.hbdytkm.com,中国竞彩网混合过关计算器人工_竞猜足球胜负平单双_太平洋...,eye.hbdytkm.com,
jlljbqy.com,0,无结果,
xzljkdp.com,0,无结果,
parsingi.com,0,无结果,
yenreal.com,0,无结果,
fdotd6.com,0,无结果,
nxdkqkr.com,0,无结果,
scklfxk.com,0,无结果,
sddwpgz.com,0,无结果,
tjhcxxw.com,0,无结果,
sxbqysl.com,0,无结果,
hbxtxpk.com,0,无结果,
sxjkbrw.com,0,无结果,
xzmyjkh.com,0,无结果,
jlnrjxd.com,2,娱乐|直播|竞彩|娱乐官网|走势图|比分|足彩|足球|,大圣娱乐的代理规律_2017中乙足球比分直播500单双_粉皮白...,hld.jlnrjxd.com,宾利娱乐官网_竞彩360足彩比分直播走势图_张家界英才网,bx.jlnrjxd.com,
sxhspmj.com,0,无结果,
hbndcyn.com,0,无结果,
sdtwjdp.com,0,无结果,
jxpyjjp.com,0,无结果,
fm1098.com,0,无结果,
mykiu.com,0,无结果,
jlzsdbt.com,0,无结果,
yaagq.com,2,全民彩|下载|彩票|稳赚|走势图|大乐透|双色球|3d|,大乐透走势图彩票网软件_2元彩票网双色球走势图表稳赚不亏...,wn.yaagq.com,3d单期走势图带连线_全民彩票下载安装_桑杏炖猪肺网,es.yaagq.com,
9897sf.com,0,无结果,
111bbs.com,0,无结果,
sdqzztq.com,0,无结果,
taejinre.com,0,无结果,
mito678.com,0,无结果,
macquarieit.com,0,无结果,
zxdj9999.com,0,无结果,
jingshuangcheng.com,0,无结果,
sz-jyys.com,0,无结果,
crannogmusic.com,0,无结果,
9090kmh.com,0,无结果,
aus4017.com,0,无结果,
ddkkk01.com,0,无结果,
ytyanshengmm.com,0,无结果,
nantongdc.com,0,无结果,
femosih.com,0,无结果,
gxqbh.com,0,无结果,
rinoi.com,0,无结果,
vsoci.com,0,无结果,
gzdbsgw.com,0,无结果,
rpmop.com,0,无结果,
vpoks.com,2,下载|直播|博彩|彩票|捕鱼|,网上博彩10大网站_彩票网走势直播计划_北方新闻网,qz.vpoks.com,千炮捕鱼联网版九游_金蟾捕鱼大厅下载_中国邮政局,zh.vpoks.com,
vowma.com,0,无结果,
vwtir.com,42,娱乐|下载|购彩|乐彩|娱乐场|博彩|竞彩足球|即时比分|竞彩|无极|娱乐平台|国际娱乐|彩票|赢咖|比分|足球|大红鹰|真人|真人娱乐|分彩|,7mcn篮球即时比分代理_竞彩堂～购彩大厅规律_奥运快递体总网,how.vwtir.com,大鱼彩票娱乐平台_cnc娱乐平台干嘛的_鲜菊芋元锅网,open.vwtir.com,赢咖3国际馆真人娱乐_天辰国际娱乐游戏_弘高建筑装饰网,few.vwtir.com,多盈娱乐彩票平台_网络博彩娱乐平台_耀星网络平台,fz.vwtir.com,大红鹰彩票官网_彩53下载_像果网络科技公司,nj.vwtir.com,篮球资讯分析_竞彩足球购买app_元兆发网络公司,hy.vwtir.com,竞彩足球彩票网站大全代理_1分彩精准计划技巧_重庆旅游网,ta.vwtir.com,大时代国际娱乐平台账号_无极国际娱乐场_盛泰创网络公司,little.vwtir.com,大丰收国际app下载_新锦江国际娱乐游戏_SUNLY-圣力网,yc.vwtir.com,汇彩国际娱乐app下载_博发国际真人娱乐_穷游网,help.vwtir.com,
ziard.com,2,下载|预测|彩票|赛车|走势图|捕鱼|3d|,彩票网极速赛车游戏下载大全人工预测_南方彩票网走势图3d...,wys.ziard.com,91y游戏龙珠捕鱼_捕鱼的游戏大全_新建家电维修服务有限公司,nj.ziard.com,
729181.com,1,无结果,万众一心 抗击疫情——银川市人民政府门户网站,www.729181.com,
atkmc.com,0,无结果,
699275.com,0,无结果,
tpupy.com,0,无结果,
tofne.com,0,无结果,
snpuk.com,0,无结果,
675752.com,0,无结果,
226163.com,0,无结果,
585795.com,0,无结果,
856279.com,0,无结果,
wiwfl.com,0,无结果,
971683.com,0,无结果,
715713.com,0,无结果,
138983.com,0,无结果,
783323.com,0,无结果,
whaimeili.com,0,无结果,
289623.com,0,无结果,
892329.com,0,无结果,
cstyxcl.com,0,无结果,
rhathailand.com,0,无结果,
787113.com,0,无结果,
362639.com,0,无结果,
663235.com,0,无结果,
lianxunzq.com,0,无结果,
haode688.com,0,无结果,
zzcgsm.com,0,无结果,
beiwei168.com,0,无结果,
bnkgv.com,0,无结果,
367752.com,0,无结果,
gxqzfdc.com,0,无结果,
hueduxl.com,0,无结果,
0513gs.com,0,无结果,
i-maet.com,0,无结果,
yobeibei.com,0,无结果,
ycldlt.com,0,无结果,
shjzhhtls.com,0,无结果,
283213.com,0,无结果,
jiangheyc.com,0,无结果,
noord-beijing.com,0,无结果,
baizhu-china.com,0,无结果,
maihuama.com,0,无结果,
hellonfl.com,0,无结果,
sjzgmgyg.com,0,无结果,
gzcyn.com,0,无结果,
yangfly.com,0,无结果,
gzctk.com,0,无结果,
dgqpw.com,0,无结果,
prxxg.com,0,无结果,
gzcnz.com,0,无结果,
ljdsw.com,0,无结果,
zlggw.com,0,无结果,
zwggw.com,0,无结果,
btggw.com,0,无结果,
gzcpk.com,0,无结果,
wrzyw.com,0,无结果,
brggw.com,0,无结果,
luckypens.com,0,无结果,
cmjcw.com,0,无结果,
xwxsw.com,0,无结果,
dianziyanv9.com,0,无结果,
letsdouble.com,0,无结果,
gotorich.com,0,无结果,
champringshop.com,0,无结果,
vikingtrip.com,0,无结果,
bravenets.com,0,无结果,
bjlxr.com,0,无结果,
ryan818.com,0,无结果,
szckb.com,0,无结果,
szkrt.com,0,无结果,
bjdfd.com,0,无结果,
szqmt.com,0,无结果,
bjhxm.com,0,无结果,
bjbnr.com,0,无结果,
gnsbw.com,0,无结果,
fpggw.com,0,无结果,
dssbw.com,0,无结果,
dnsbw.com,0,无结果,
drsbw.com,0,无结果,
bjgfy.com,0,无结果,
glggw.com,0,无结果,
hfsbw.com,0,无结果,
bjbyk.com,0,无结果,
dhsbw.com,0,无结果,
gbsbw.com,0,无结果,
shjpq.com,0,无结果,
fksbw.com,0,无结果,
dpggw.com,0,无结果,
cgsbw.com,0,无结果,
hmggw.com,0,无结果,
dkggw.com,0,无结果,
shjzp.com,0,无结果,
frggw.com,0,无结果,
ckggw.com,0,无结果,
shjnr.com,0,无结果,
crggw.com,0,无结果,
fgggw.com,0,无结果,
shjxs.com,0,无结果,
shjyr.com,0,无结果,
thoitrangchoban.com,0,无结果,
beachthrifter.com,0,无结果,
immo-ungarn.com,0,无结果,
allworldgo.com,0,无结果,
livinginagirlsworld.com,0,无结果,
johnny-public.com,0,无结果,
emaboutique.com,0,无结果,
gatsbysamerican.com,0,无结果,
trueparanormalevent.com,0,无结果,
spire-three.com,0,无结果,
dorisbretterbauer.com,0,无结果,
ozguvenotomotiv.com,0,无结果,
rstelemarketing.com,0,无结果,
columbushomesblog.com,0,无结果,
viveintensamente.com,0,无结果,
salariesandbenefits.com,0,无结果,
parc-loisirs-waterlin.com,0,无结果,
textiles-factory.com,0,无结果,
nordseefreund.com,0,无结果,
floshconcepts.com,0,无结果,
sportsbettingwizards.com,0,无结果,
yesforbeavertonschools.com,0,无结果,
midominiodeprueba.com,0,无结果,
sibeninjuryattorney.com,0,无结果,
officialweddingsource.com,0,无结果,
goblin-pictures.com,0,无结果,
generationnextel.com,0,无结果,
bestpcprotector.com,0,无结果,
gabrielladambrosio.com,0,无结果,
deine-krankenversicherung.com,0,无结果,
americanrebeltattoo.com,0,无结果,
lastfrontierledger.com,0,无结果,
multicilalama.com,0,无结果,
premedwizard.com,0,无结果,
panming-design.com,0,无结果,
essambahome.com,0,无结果,
aydinogrenciyurtlari.com,0,无结果,
bodapictures.com,0,无结果,
clackmountainfest.com,0,无结果,
rebapmandaluyong.com,0,无结果,
preggybellies.com,0,无结果,
johnclarkeallmark.com,0,无结果,
veganssecret.com,0,无结果,
learnchakra.com,0,无结果,
mumanddadstudios.com,0,无结果,
webtechstrategies.com,0,无结果,
npoprofessionalorganizing.com,0,无结果,
elolmocasarural.com,0,无结果,
fqggw.com,0,无结果,
retrospectfurniture.com,0,无结果,
camellalahacienda.com,0,无结果,
motivatedtravels.com,0,无结果,
hotelrelaxbg.com,0,无结果,
sukacagimersin.com,0,无结果,
colonniercoiffard.com,0,无结果,
grabillcountrysales.com,0,无结果,
bigsunmusic.com,0,无结果,
carcarenagpur.com,0,无结果,
sugengpribadi.com,0,无结果,
jornaldealcobaca.com,0,无结果,
chefsgourmetflavors.com,0,无结果,
maklarkontaktalgarve.com,0,无结果,
bestrealtorinchicago.com,0,无结果,
rollingshomes.com,0,无结果,
mebelminimalisjepara.com,0,无结果,
kaptanlarpazarlama.com,0,无结果,
theperuproject.com,0,无结果,
laboralterraett.com,0,无结果,
homefilmschoolstudent.com,0,无结果,
petstarbottles.com,0,无结果,
maison-du-futur.com,0,无结果,
melaniewhitley.com,0,无结果,
gaziantepsinema.com,0,无结果,
a-new-golden-dawn.com,0,无结果,
porchswingliving.com,0,无结果,
fecmesformacion.com,0,无结果,
sejafelizidade.com,0,无结果,
insight2systems.com,0,无结果,
jpsfinancialgroup.com,0,无结果,
doormatic-eg.com,0,无结果,
charlestononesource.com,0,无结果,
donaldlachance.com,0,无结果,
empresaenelaula.com,0,无结果,
mchaabatdecorphoto.com,0,无结果,
my-music-directory.com,0,无结果,
yakamozreklam.com,0,无结果,
loveandairsex.com,0,无结果,
sunshinecoastduckrace.com,0,无结果,
unionjacques.com,0,无结果,
happy-healing.com,0,无结果,
drenricotan.com,0,无结果,
amtrakpromotioncodenow.com,0,无结果,
comoliberarhuawei.com,0,无结果,
merchantofoz.com,0,无结果,
signagetemplatecreator.com,0,无结果,
floridaculturaltours.com,0,无结果,
pasteleriaslyon.com,0,无结果,
samsunsuperonlinebasvuru.com,0,无结果,
principalgames.com,0,无结果,
goss-chocolate.com,0,无结果,
leagueofgirlsla.com,0,无结果,
couleemeadowfarm.com,0,无结果,
louer-a-cabourg.com,0,无结果,
themedicinebear.com,0,无结果,
elmhesystem.com,0,无结果,
torontopearsonlimousines.com,0,无结果,
fernandovigueras.com,0,无结果,
eaglecondorfarm.com,0,无结果,
intimateaffection.com,0,无结果,
kadirligokkusagiinsaat.com,0,无结果,
queridosabuelos.com,0,无结果,
tourism-ecademy.com,0,无结果,
izmirkaledogalgaz.com,0,无结果,
decorativeledtrees.com,0,无结果,
theprisonerofamorc.com,0,无结果,
thevoiceofhorror.com,0,无结果,
jackiemyersband.com,0,无结果,
spectrumbusinessnet.com,0,无结果,
sexrijpevrouwen.com,0,无结果,
qualityproductsblog.com,0,无结果,
adebtsolutions.com,0,无结果,
montrealirishdance.com,0,无结果,
postoffice-jobs.com,0,无结果,
college-placement.com,0,无结果,
galleriadartesidea.com,0,无结果,
ambulanciaaereamexico.com,0,无结果,
kousarshoaib.com,0,无结果,
amylynnphotoblog.com,0,无结果,
personellietea.com,0,无结果,
revuestoryteller.com,0,无结果,
olympic-travel.com,0,无结果,
schumacheraero.com,0,无结果,
bensaihweddingplanner.com,0,无结果,
weathermalawi.com,0,无结果,
paellapartyman.com,0,无结果,
insidesouthfloridashow.com,0,无结果,
mosaic-restaurant.com,0,无结果,
cupidonails.com,0,无结果,
maxim-parsin.com,0,无结果,
lebens-fluss.com,0,无结果,
solarpingodeouro.com,0,无结果,
rockspringsridgeonline.com,0,无结果,
atestekstil.com,0,无结果,
ufstrainrite.com,0,无结果,
kalibracja-monitora.com,0,无结果,
etiquette-metallisee.com,0,无结果,
animalshelterpets.com,0,无结果,
canaritimbrado.com,0,无结果,
eireanngroup.com,0,无结果,
pacrentalsllc.com,0,无结果,
suddencompliance.com,1,无结果,衢州畅休炒塑童装公司,www.suddencompliance.com,
pixelencode.com,0,无结果,
osteopataciudadreal.com,0,无结果,
sakhiyahairtransplant.com,0,无结果,
newsheetltd.com,0,无结果,
akmazribon.com,0,无结果,
receitas-gostosas.com,0,无结果,
joyfirepublishing.com,0,无结果,
ahmedabadescortgirls.com,0,无结果,
jeffannas5k.com,0,无结果,
earnmoremoneyblog.com,0,无结果,
dellacasadellinverno.com,0,无结果,
erovitrin.com,0,无结果,
naturpienso.com,0,无结果,
interparkvisa.com,0,无结果,
dazzlingkiss.com,0,无结果,
deacorde-marketing.com,0,无结果,
serviceinnova.com,0,无结果,
vishvambposervices.com,0,无结果,
tiffanyandcake.com,0,无结果,
aleksandr-fedorov.com,0,无结果,
covetandcollect.com,0,无结果,
hhiadventures.com,0,无结果,
nishantsblog.com,0,无结果,
akonlinehealth.com,0,无结果,
geneapresse.com,0,无结果,
portailalupvcbois.com,0,无结果,
fcotf1.com,2,无结果,
nieuwsvandaag.com,0,无结果,
berylkoltz.com,0,无结果,
n0b312.com,0,无结果,
54arlg.com,0,无结果,
5dt05m.com,0,无结果,
rideoutpromotions.com,0,无结果,
tcr6ky.com,0,无结果,
pvxbg3.com,0,无结果,
5p0jhz.com,0,无结果,
jj8sjh.com,0,无结果,
5inkdt.com,0,无结果,
5b53zn.com,0,无结果,
loe8cl.com,0,无结果,
bvvua1.com,0,无结果,
5arwuz.com,0,无结果,
n6s8v7.com,0,无结果,
h705yf.com,3,无结果,艾问人物,present.h705yf.com,沧州新闻网,plan.h705yf.com,
x256w1.com,0,无结果,
j9zfr7.com,0,无结果,
thinsj.com,0,无结果,
63xxqt.com,0,无结果,
ggfy5v.com,0,无结果,
qaogod.com,0,无结果,
6zmz1o.com,0,无结果,
ee8b40.com,0,无结果,
oyrj6s.com,0,无结果,
4eftfw.com,1,无结果,常德新闻网,4eftfw.com,
wm8q42.com,0,无结果,
613tbc.com,0,无结果,
s9k604.com,0,无结果,
6ss07i.com,0,无结果,
i3bi8q.com,0,无结果,
ixocy0.com,0,无结果,
k5ykam.com,0,无结果,
478mb6.com,0,无结果,
eqvvcy.com,0,无结果,
okeleg.com,0,无结果,
kd1eaa.com,0,无结果,
ms3h2w.com,0,无结果,
lxlx99.com,0,无结果,
allprosportsmassage.com,0,无结果,
aj52ys.com,29,直播|,及踝短靴很适合秋日造型穿搭 可甜可酷 我说怕回家隔离会影...,aj52ys.com,去产能五年 钢铁瘦身“回头看” 所以固态电池的电解质为固...,aj52ys.com,个税预扣预缴方法简化 惠及部分年收入低于6万纳税人 预扣...,aj52ys.com,河北大厂县一公园起火 距《青春有你3》录影棚6公里 大厂也...,aj52ys.com,像智能手机一样造车 可能吗? 样造媒体退出了会议室-钦州新...,aj52ys.com,协助分管省政府驻外办事处-钦州新闻网,aj52ys.com,徒步云南157天 15011 进入直播间 小张父亲是本地的普通果...,aj52ys.com,前中国女排主帅韩云波逝世 曾培养大批优秀运动员 国女他还...,aj52ys.com,《流浪地球2》备案曝光 预计2023年大年初一上映 他们是4个...,aj52ys.com,习近平同塞内加尔总统共致贺电 是不是被男方打骂了-钦州新...,aj52ys.com,
colecaodesamba.com,0,无结果,
nmkry.com,0,无结果,
asafware.com,0,无结果,
alishua8.com,0,无结果,
dgxrj.com,0,无结果,
sweetmouths.com,0,无结果,
taierdiao.com,0,无结果,
aiwen114.com,0,无结果,
codesdowns.com,0,无结果,
bohaikuangshi.com,0,无结果,
neptuncgd.com,0,无结果,
dodopenty.com,0,无结果,
xiudoutex.com,0,无结果,
xinxihuemu.com,0,无结果,
tkddp.com,0,无结果,
daijianhui.com,0,无结果,
greatvirtuehk.com,0,无结果,
mychunzhen.com,0,无结果,
jingdinglunya.com,0,无结果,
shoping580.com,0,无结果,
nuonuozj.com,0,无结果,
gxlzz.com,0,无结果,
gouwuzq.com,0,无结果,
cnstoneonline.com,0,无结果,
ecosway98.com,0,无结果,
huitong588.com,0,无结果,
ssd1945.com,0,无结果,
shuzisoft.com,0,无结果,
ghystonecarve.com,0,无结果,
bowbowparis.com,0,无结果,
yongxingcar.com,0,无结果,
uuustock.com,0,无结果,
greasell.com,0,无结果,
cnfuyts.com,0,无结果,
aoleiwood.com,0,无结果,
absolontech.com,0,无结果,
xmshop520.com,0,无结果,
nwsnic2c.com,0,无结果,
imfec2c.com,0,无结果,
wenyan88.com,0,无结果,
wooldd.com,0,无结果,
xinchuangyixs.com,0,无结果,
gogisea.com,0,无结果,
syzhishua.com,0,无结果,
benzm.com,0,无结果,
chibimovie.com,0,无结果,
u5card.com,0,无结果,
yeelemei.com,0,无结果,
mizukiyu.com,0,无结果,
njzczdh.com,0,无结果,
zhaozjj.com,0,无结果,
5166go.com,0,无结果,
liangdamaoyi.com,0,无结果,
wapyj8.com,0,无结果,
5700shouji.com,0,无结果,
mofangzhibo.com,0,无结果,
okpel.com,0,无结果,
i8omusic.com,0,无结果,
optzysy.com,0,无结果,
zjwswsq.com,0,无结果,
lesgowu.com,0,无结果,
pijushijia.com,0,无结果,
5252ni.com,0,无结果,
caiyintime.com,0,无结果,
52juye.com,0,无结果,
un00243.com,0,无结果,
dibaiqz.com,0,无结果,
sdjnsaao.com,0,无结果,
p2mei.com,0,无结果,
yyiit.com,0,无结果,
jiong1m5.com,0,无结果,
nlww888.com,0,无结果,
kyssxx.com,0,无结果,
kcmsw.com,0,无结果,
songofvaga.com,0,无结果,
tcglcg.com,1,无结果,苏州艾斯达篷房技术有限公司-企业首页,tcglcg.com,
sunyder.com,0,无结果,
bootbbs.com,0,无结果,
xxmzjyw.com,0,无结果,
ttkg8.com,0,无结果,
vffgh.com,0,无结果,
hdzlsm.com,0,无结果,
9yuanfen.com,0,无结果,
nvshenmxd.com,0,无结果,
huallingtouzi.com,0,无结果,
mainzhuye.com,0,无结果,
zgbca.com,0,无结果,
beilewj.com,0,无结果,
coolyouclub.com,0,无结果,
zhuntaitai.com,0,无结果,
shjrcbs.com,0,无结果,
envioni.com,0,无结果,
caiyinclub.com,0,无结果,
uartwell.com,0,无结果,
bjsdxsx.com,0,无结果,
52xueshe.com,0,无结果,
gzjh99.com,0,无结果,
botou0317.com,0,无结果,
vhost88.com,0,无结果,
vdirecthk.com,0,无结果,
zhuanjibbs.com,0,无结果,
gxm66.com,0,无结果,
mingezs.com,0,无结果,
me2188.com,0,无结果,
yhxb1.com,0,无结果,
khjchr.com,0,无结果,
onehoy.com,0,无结果,
ykjldqc.com,0,无结果,
borebbs.com,0,无结果,
kawa88.com,0,无结果,
mogoclub.com,0,无结果,
baochuiniu.com,0,无结果,
guangyang598.com,0,无结果,
005star.com,0,无结果,
guanshanyang.com,0,无结果,
myweb178.com,1,无结果,温州市诗画图鞋业有限公司-企业首页,myweb178.com,
huanxianb.com,0,无结果,
mos106.com,0,无结果,
suifeng66.com,0,无结果,
miraibbs.com,0,无结果,
dfbibo.com,0,无结果,
simiaotv.com,0,无结果,
wjbnq.com,0,无结果,
88slt.com,1,无结果,大连馨馨代理记账有限公司,www.88slt.com,
dkesm.com,0,无结果,
orzless.com,0,无结果,
xianight.com,0,无结果,
ice57.com,0,无结果,
lingxiu18.com,0,无结果,
bainidq.com,0,无结果,
925yintianxia.com,0,无结果,
anysick.com,0,无结果,
jeans2011.com,0,无结果,
hrbbjzs.com,0,无结果,
wblhkt.com,0,无结果,
tpbanane.com,0,无结果,
kemao567.com,0,无结果,
51newxie.com,0,无结果,
meiduofu.com,0,无结果,
66nanaimo.com,0,无结果,
zer0echo.com,0,无结果,
yituan800.com,0,无结果,
58hjpx1.com,0,无结果,
east147.com,0,无结果,
lwpzone.com,0,无结果,
ziguanglight.com,0,无结果,
556shop.com,0,无结果,
xtd0530.com,0,无结果,
caoqihoo.com,0,无结果,
58qikf.com,0,无结果,
6dofreehost.com,0,无结果,
milongdan.com,0,无结果,
ysttoys.com,0,无结果,
chienden.com,0,无结果,
shengjiexiang.com,0,无结果,
psx002.com,0,无结果,
gqbsss.com,0,无结果,
kejian110.com,0,无结果,
168wmfz.com,0,无结果,
z691691.com,0,无结果,
karenksmith.com,0,无结果,
law9808.com,0,无结果,
dvdhight.com,0,无结果,
seovikecn.com,0,无结果,
mov2you.com,0,无结果,
medstercare.com,0,无结果,
zhengjizhisu.com,0,无结果,
tt8kk.com,0,无结果,
vipsdguoji.com,0,无结果,
b8feite.com,0,无结果,
fncjx.com,0,无结果,
rush518.com,0,无结果,
shebianyi.com,0,无结果,
wedewz.com,0,无结果,
parismode1982.com,0,无结果,
fsbhsw.com,0,无结果,
haoshuangtuan.com,0,无结果,
hnhxsjc.com,0,无结果,
metrofansclub.com,0,无结果,
xuebabangmang.com,0,无结果,
matr8532.com,0,无结果,
kriscan.com,1,无结果,深圳市乐众文化科技有限公司-企业首页,kriscan.com,
malabarmind.com,0,无结果,
pcwx8023.com,0,无结果,
kxydkdw.com,0,无结果,
rxqca.com,0,无结果,
chanrongcloud.com,0,无结果,
zhuohaijin.com,0,无结果,
vtkke.com,0,无结果,
liuwei1207.com,0,无结果,
pinpainvxue.com,0,无结果,
maocgbbs.com,0,无结果,
jindongqinye.com,0,无结果,
yinheshichang.com,0,无结果,
poliers.com,0,无结果,
bussescol.com,0,无结果,
andorahotel.com,0,无结果,
pinechannel.com,0,无结果,
amoyait.com,0,无结果,
alisafranklin.com,0,无结果,
5ihuacao.com,0,无结果,
kyw520.com,0,无结果,
022jiabao.com,0,无结果,
tongchengcnc.com,0,无结果,
kiukiuhouse.com,0,无结果,
rigelviajes.com,0,无结果,
meifow.com,0,无结果,
xlhake.com,0,无结果,
sjzlcxc.com,0,无结果,
sohomasters.com,0,无结果,
qwdzsuz.com,0,无结果,
juzhiyin.com,0,无结果,
hainanyunlong.com,0,无结果,
yinwochao.com,0,无结果,
ospreyworld.com,0,无结果,
tjgjwqgerfjlb.com,0,无结果,
iopiniones.com,0,无结果,
sina0794.com,0,无结果,
51socar.com,0,无结果,
lu697.com,0,无结果,
krono3721.com,0,无结果,
offeryouoffer.com,0,无结果,
tianhedynasty.com,0,无结果,
zgtyfm.com,0,无结果,
pulishi01.com,0,无结果,
lfdahaishipin.com,0,无结果,
muzhenhualang.com,0,无结果,
qd007qgyy.com,0,无结果,
bestscriptz.com,0,无结果,
nasrinhimada.com,0,无结果,
marielcartin.com,0,无结果,
gayatrigamuz.com,0,无结果,
bookgiftshop.com,0,无结果,
witchcraftrpg.com,0,无结果,
justnewsdaily.com,0,无结果,
kaksmachine.com,0,无结果,
dsamantha.com,0,无结果,
shelonabelpro.com,0,无结果,
jaegerdaly.com,0,无结果,
layerjunkie.com,0,无结果,
manocanhgiare.com,0,无结果,
1ofthefew.com,0,无结果,
ampmmax.com,0,无结果,
degasegypt.com,0,无结果,
patchoffur.com,0,无结果,
drydenllc.com,0,无结果,
diymalaysia.com,0,无结果,
topfastloan.com,0,无结果,
krislarock.com,0,无结果,
pompiholidays.com,0,无结果,
delolighting.com,0,无结果,
muslumsahin.com,0,无结果,
industriasjm.com,0,无结果,
joelzieve.com,0,无结果,
ureinomisora.com,0,无结果,
linhngoc.com,0,无结果,
mrslslegshow.com,0,无结果,
guiartdf.com,0,无结果,
gelangpatah.com,0,无结果,
inkedhumans.com,0,无结果,
wittyair.com,0,无结果,
momoir.com,0,无结果,
astechindo.com,0,无结果,
amstracker.com,0,无结果,
inzombiac.com,0,无结果,
desblee.com,0,无结果,
hyepark.com,0,无结果,
handlelock.com,0,无结果,
simplyprogram.com,0,无结果,
farrofood.com,0,无结果,
kanotocht.com,0,无结果,
alshaamel.com,0,无结果,
sfinakia.com,0,无结果,
redesmty.com,0,无结果,
walesreise.com,0,无结果,
tergosh.com,0,无结果,
crilatsa.com,0,无结果,
kullaboats.com,0,无结果,
bigshuggie.com,0,无结果,
mypalatka.com,0,无结果,
medinminsk.com,0,无结果,
padaukwar.com,0,无结果,
cuonglong.com,0,无结果,
sonaxgroup.com,0,无结果,
gmperqs.com,0,无结果,
globimundo.com,0,无结果,
luhona.com,0,无结果,
katebower.com,0,无结果,
sounstrue.com,0,无结果,
sperswap.com,0,无结果,
fhacebook.com,0,无结果,
marcoyados.com,0,无结果,
indranre.com,0,无结果,
jvaelectric.com,0,无结果,
coachkeuze.com,0,无结果,
camverein.com,0,无结果,
mymatandme.com,0,无结果,
lflondono.com,0,无结果,
strickened.com,0,无结果,
lookandthengo.com,0,无结果,
khosimgiagoc.com,0,无结果,
ssjband.com,0,无结果,
mastmehendi.com,0,无结果,
rotatemizlik.com,0,无结果,
tomeksinek.com,0,无结果,
ruwihotel.com,0,无结果,
mcleanebiz.com,0,无结果,
farikosman.com,0,无结果,
crackprokey.com,0,无结果,
bluelagunaoc.com,0,无结果,
ejcory.com,0,无结果,
djstevyvee.com,0,无结果,
anapunto.com,0,无结果,
partspree.com,0,无结果,
artelcz.com,0,无结果,
bergeracsec.com,0,无结果,
iitcteam.com,0,无结果,
lovelyrunners.com,0,无结果,
lateensails.com,0,无结果,
harmoniumlove.com,0,无结果,
housebidz.com,0,无结果,
duckymovies.com,0,无结果,
musickweb.com,0,无结果,
gildaley.com,0,无结果,
mosesafonso.com,0,无结果,
nettoonz.com,0,无结果,
lyricsrack.com,0,无结果,
lunexglasses.com,0,无结果,
resourcewow.com,0,无结果,
hedlandet.com,0,无结果,
bitkidunyam.com,0,无结果,
freeflyin.com,0,无结果,
thepettitts.com,0,无结果,
budalizacija.com,0,无结果,
jmacaya.com,0,无结果,
randifarris.com,0,无结果,
legiblecity.com,0,无结果,
normanhyde.com,0,无结果,
loveintv.com,0,无结果,
kaartenhobby.com,0,无结果,
getgascheap.com,0,无结果,
gmallp.com,0,无结果,
jobseaches.com,0,无结果,
mycastajans.com,0,无结果,
laceygrace.com,0,无结果,
fracargames.com,0,无结果,
cercaricette.com,0,无结果,
rtosecurity.com,0,无结果,
sdfaceplace.com,0,无结果,
jamieparr.com,0,无结果,
rumahrayya.com,0,无结果,
lptinetwork.com,0,无结果,
graphicpin.com,0,无结果,
gaupseth.com,0,无结果,
allcuracao.com,0,无结果,
freetradings.com,0,无结果,
misurros.com,0,无结果,
aaronhagar.com,0,无结果,
bdsmail.com,0,无结果,
joycelankim.com,0,无结果,
julsbuehrer.com,0,无结果,
rociomagana.com,0,无结果,
ewanmaccoll.com,0,无结果,
sbcurtain.com,0,无结果,
senebraska.com,0,无结果,
seiconnesso.com,0,无结果,
wibrocenter.com,0,无结果,
intostom.com,0,无结果,
dobigny.com,0,无结果,
heatherhoyle.com,0,无结果,
razorsskates.com,0,无结果,
bazaramlak.com,0,无结果,
musikerboard.com,0,无结果,
karamanna.com,0,无结果,
lanbomedia.com,0,无结果,
hostitdaddy.com,0,无结果,
lenalyckman.com,0,无结果,
ilmubedah.com,0,无结果,
promobileusa.com,0,无结果,
smtmonitors.com,0,无结果,
jasonreiver.com,0,无结果,
flashbench.com,0,无结果,
clickiphone.com,0,无结果,
kwbrentwood.com,0,无结果,
bradleypage.com,0,无结果,
iisloon.com,0,无结果,
fematime.com,0,无结果,
chungdvd.com,0,无结果,
ewebdex.com,0,无结果,
qse60.com,0,无结果,
youloveskin.com,0,无结果,
qqspacecode.com,0,无结果,
yeachun.com,0,无结果,
baoyujewelry.com,0,无结果,
mychunwang88.com,0,无结果,
nagaband.com,0,无结果,
dljycw.com,0,无结果,
fubonnet.com,0,无结果,
skiptuning.com,0,无结果,
stbluebit.com,0,无结果,
saimule.com,0,无结果,
zykjbbs.com,0,无结果,
ruixinjituan.com,0,无结果,
zhijielao.com,0,无结果,
csywcs.com,0,无结果,
jijiwaiwai8.com,0,无结果,
reyyen.com,1,无结果,上海格岚商务信息咨询有限公司-企业首页,reyyen.com,
eftrabbi.com,0,无结果,
car5156.com,0,无结果,
houseright88.com,2,无结果,眉山轮胎爱好网,www.houseright88.com,眉山轮胎爱好网-企业首页,houseright88.com,
cyndibush.com,0,无结果,
goplayyoga.com,0,无结果,
leini365.com,0,无结果,
pelikansun.com,0,无结果,
mongibella.com,0,无结果,
eftisrael.com,0,无结果,
t9527.com,0,无结果,
icastellucci.com,0,无结果,
deutzland.com,0,无结果,
biofarmnet.com,0,无结果,
bobbyjoes.com,0,无结果,
verktakar.com,0,无结果,
luckyninepgh.com,1,无结果,香港聚亿国际集团有限公司-企业首页,luckyninepgh.com,
xkddtv.com,0,无结果,
leylaley.com,0,无结果,
maxgaber.com,0,无结果,
suyogdixit.com,0,无结果,
baroqueish.com,0,无结果,
51dvdr.com,0,无结果,
autolobbes.com,0,无结果,
durtycash.com,0,无结果,
hngphd.com,0,无结果,
bestjpanime.com,0,无结果,
johnnysang.com,0,无结果,
ming-der.com,0,无结果,
2hdzhehui.com,0,无结果,
sxymvillas.com,0,无结果,
ilovespark.com,0,无结果,
sueandjim.com,0,无结果,
dhpt2.com,0,无结果,
lynnadler.com,0,无结果,
nanii6.com,0,无结果,
yushi88.com,0,无结果,
personagy.com,0,无结果,
fax338.com,0,无结果,
lwebsite.com,0,无结果,
jljaaw.com,0,无结果,
leilei3199.com,0,无结果,
cccdaniel.com,0,无结果,
51cxss.com,0,无结果,
wawj568.com,0,无结果,
dongdaozhu11.com,0,无结果,
yiliaoqxw.com,0,无结果,
aineeshopping.com,0,无结果,
sxykd120.com,0,无结果,
andreviola.com,0,无结果,
stuartinns.com,0,无结果,
meieshow.com,0,无结果,
bobaite.com,0,无结果,
longjisheng.com,0,无结果,
baohye.com,0,无结果,
dameiji.com,0,无结果,
shengjinghe.com,0,无结果,
shengjulong.com,0,无结果,
kaidikang.com,0,无结果,
591tuomao.com,0,无结果,
1314luntan.com,0,无结果,
post90hk.com,0,无结果,
bee4app.com,0,无结果,
peileisi.com,0,无结果,
woruixin.com,0,无结果,
79cpa.com,0,无结果,
dongbaopeanut.com,0,无结果,
642cieaura.com,0,无结果,
yangfan678.com,0,无结果,
bangfengyin.com,0,无结果,
grhospita.com,0,无结果,
kaisimu.com,0,无结果,
qianyuan888.com,0,无结果,
senleisi.com,0,无结果,
365souyou.com,0,无结果,
cpa718.com,0,无结果,
nxjinyingweiyu.com,0,无结果,
longhui1718.com,0,无结果,
745che.com,0,无结果,
pianotouch88.com,0,无结果,
mcgheemedia.com,0,无结果,
lumingnotebook.com,0,无结果,
addaglass.com,0,无结果,
0454che.com,0,无结果,
prosta8.com,0,无结果,
dj1985.com,0,无结果,
0818hjj.com,0,无结果,
yiningmei.com,0,无结果,
amy1213.com,0,无结果,
fahuashan.com,0,无结果,
dongkou5.com,0,无结果,
nefrit777.com,0,无结果,
youquanguo.com,1,无结果,南京玖人网络科技有限公司-企业首页,youquanguo.com,
winterwudesign.com,0,无结果,
5944asp.com,0,无结果,
zhizhushan.com,0,无结果,
yujinheng.com,0,无结果,
erayqq.com,0,无结果,
sunbank168.com,0,无结果,
98muju.com,0,无结果,
lasemedinc.com,0,无结果,
zwmeishu.com,0,无结果,
zhaocaib.com,0,无结果,
actaliance.com,0,无结果,
alisnest.com,0,无结果,
pmmincorp.com,0,无结果,
jiahong2017.com,0,无结果,
lvlv999.com,0,无结果,
weierfeng.com,0,无结果,
km1736.com,0,无结果,
xiaoyiad.com,0,无结果,
gouwujie456.com,0,无结果,
ythz8.com,0,无结果,
zhishiliu999.com,0,无结果,
icanpi.com,0,无结果,
dvmoon.com,0,无结果,
mshoe8.com,0,无结果,
longyinhotel.com,0,无结果,
paigeyx.com,0,无结果,
manshanqing.com,0,无结果,
yoonhosmile.com,0,无结果,
yishizhai.com,0,无结果,
junzhichen.com,0,无结果,
xudongxing.com,0,无结果,
zuwishxie20.com,0,无结果,
5ucnzz.com,0,无结果,
zekulu.com,0,无结果,
maizishenghuo.com,0,无结果,
on9dog.com,0,无结果,
liudaogang.com,0,无结果,
maoxuan365.com,0,无结果,
hongjieyu.com,0,无结果,
junxipiju.com,0,无结果,
idchost88.com,0,无结果,
jzb112.com,0,无结果,
0518acw.com,0,无结果,
dqogmkq.com,0,无结果,
buyzimo.com,0,无结果,
464pfke.com,0,无结果,
jinfeizhu.com,0,无结果,
mfrj888.com,0,无结果,
voipzone2008.com,0,无结果,
304gwjq.com,0,无结果,
lsykzx.com,0,无结果,
yitenglong.com,0,无结果,
baobeifen.com,0,无结果,
newuranus.com,0,无结果,
lnajhdz.com,0,无结果,
56zengfei.com,0,无结果,
any139.com,0,无结果,
cq6oa3b.com,0,无结果,
hdqc0588.com,0,无结果,
xinhanqi.com,0,无结果,
511aigou.com,0,无结果,
doragoodluck.com,0,无结果,
0464hs.com,0,无结果,
rexuejianghubb.com,0,无结果,
dikesheng.com,0,无结果,
chenjuanling.com,0,无结果,
yyqsteam.com,0,无结果,
kaixin1dian.com,0,无结果,
zfwz886.com,0,无结果,
52xuzhou.com,0,无结果,
mixmazer.com,0,无结果,
lifengying.com,0,无结果,
coolfish2005.com,0,无结果,
aimeili360.com,0,无结果,
17baiduhi.com,0,无结果,
ygzx6001.com,0,无结果,
1manhost.com,0,无结果,
6788facai.com,0,无结果,
2ezcast.com,0,无结果,
wjretail.com,0,无结果,
luomai247.com,0,无结果,
loverun120.com,0,无结果,
zbo10000.com,0,无结果,
dd5fanli.com,0,无结果,
zscrscrew.com,0,无结果,
52myi.com,0,无结果,
handuyishei.com,0,无结果,
weiyoucheng.com,0,无结果,
zhongdingfu.com,0,无结果,
mlgy2014.com,0,无结果,
2xiangyan.com,0,无结果,
young718.com,0,无结果,
msserveradmin.com,0,无结果,
kezhilan.com,0,无结果,
2009rt.com,0,无结果,
bouldercssa.com,0,无结果,
eatintw.com,0,无结果,
ydl1936.com,0,无结果,
xuandsx.com,0,无结果,
zenggao99.com,0,无结果,
jiukedan.com,0,无结果,
nnnway.com,0,无结果,
zhaozishan.com,0,无结果,
klbaby888.com,0,无结果,
hengpurui.com,0,无结果,
isuperclass.com,0,无结果,
huaxia887.com,0,无结果,
haimeier.com,0,无结果,
dstykki.com,0,无结果,
dxskj.com,0,无结果,
xuanling1st.com,0,无结果,
piritkartu.com,0,无结果,
piecefold.com,0,无结果,
loveegoo.com,0,无结果,
doxamail.com,0,无结果,
excuelibur.com,0,无结果,
modnidodatki.com,0,无结果,
cnymelbourne.com,0,无结果,
dongnantg.com,0,无结果,
yctsvalve.com,0,无结果,
maren888.com,0,无结果,
gp77123.com,0,无结果,
valleryarts.com,0,无结果,
hollowrobot.com,0,无结果,
mblogcn.com,0,无结果,
feiyue58.com,0,无结果,
laluceled.com,0,无结果,
fyyym.com,0,无结果,
zswh138.com,0,无结果,
vaholidays.com,0,无结果,
slightphp.com,0,无结果,
gscommission.com,0,无结果,
gyqyjiajiao.com,0,无结果,
earthingoz.com,0,无结果,
iworldplus.com,0,无结果,
yuanjie1992.com,0,无结果,
langzuyd.com,0,无结果,
subodianhua.com,0,无结果,
laochengpai.com,0,无结果,
lovezszy.com,0,无结果,
moretimemall.com,0,无结果,
1688wlpf.com,0,无结果,
weisaowang.com,0,无结果,
qubafang.com,0,无结果,
jiangqiaobao.com,0,无结果,
wonderland150.com,0,无结果,
acd2u.com,0,无结果,
ourvivi.com,0,无结果,
anpidc.com,0,无结果,
tbmango.com,0,无结果,
tekuaila.com,0,无结果,
hny2013.com,0,无结果,
0086qinghai.com,0,无结果,
ephotosworld.com,0,无结果,
ejialin.com,0,无结果,
feizhuliu360.com,0,无结果,
cclanqing.com,0,无结果,
wuguanli.com,0,无结果,
putou1688.com,0,无结果,
hakkatronics.com,0,无结果,
huiyoucaomei.com,0,无结果,
nlsipess.com,0,无结果,
zglm58.com,0,无结果,
clarapolymers.com,0,无结果,
jefejeans.com,0,无结果,
daisoshanghai.com,0,无结果,
hanweiduo.com,0,无结果,
longxin0752.com,0,无结果,
soyo100.com,0,无结果,
pagi001.com,0,无结果,
haochupu.com,0,无结果,
tfqgames.com,0,无结果,
beljoie.com,0,无结果,
thewanderdust.com,0,无结果,
huanlegu158.com,0,无结果,
paulaeandre.com,0,无结果,
boyzinhobar.com,0,无结果,
globalspora.com,0,无结果,
cansaiplik.com,0,无结果,
aloneinthesky.com,0,无结果,
raajsajaniya.com,0,无结果,
venkatadatta.com,0,无结果,
tawakkalfoods.com,0,无结果,
haotoulao.com,0,无结果,
jeevalayam.com,0,无结果,
fy311400.com,0,无结果,
hy96315.com,0,无结果,
theecstasyhub.com,0,无结果,
ahxljyw.com,0,无结果,
jimsdinerok.com,0,无结果,
klinikcinta.com,0,无结果,
sephotobooth.com,0,无结果,
leapoffashion.com,1,无结果,通化市制节无天然气贸易公司好不好的,www.leapoffashion.com,
mekadironik.com,0,无结果,
youbaoge.com,0,无结果,
highsolowcost.com,0,无结果,
hanryustar.com,0,无结果,
batsandbeers.com,0,无结果,
montessoribay.com,0,无结果,
macphilosophy.com,0,无结果,
cihandemirbas.com,0,无结果,
thewinebrary.com,0,无结果,
onlyyoonjae.com,0,无结果,
taralabarca.com,0,无结果,
becerrasquash.com,0,无结果,
djmatthewstar.com,0,无结果,
lifeisaquest.com,0,无结果,
dardecor.com,0,无结果,
marutidomestic.com,0,无结果,
tieculture.com,0,无结果,
mariebieber.com,0,无结果,
szsy0755.com,0,无结果,
futureszen.com,0,无结果,
theandroidgeek.com,0,无结果,
whiteboardusa.com,0,无结果,
101dvdmall.com,0,无结果,
haomao158.com,0,无结果,
aorasalons.com,0,无结果,
visaforkenya.com,0,无结果,
jdezcustoms.com,0,无结果,
upsidemilano.com,0,无结果,
hihizx.com,0,无结果,
batdongsanone.com,0,无结果,
hairandevents.com,0,无结果,
nn2it.com,0,无结果,
madinahshop.com,0,无结果,
0791boss.com,0,无结果,
gadogadoracer.com,0,无结果,
paulhalonen.com,0,无结果,
tiantian909.com,0,无结果,
chengdapen.com,0,无结果,
flowersface.com,0,无结果,
yx101022.com,0,无结果,
codingndesign.com,1,无结果,深圳市力克快速成型有限公司-企业首页,codingndesign.com,
shiruibao123.com,0,无结果,
ssdrmall.com,0,无结果,
qq2600.com,0,无结果,
geginsengpark.com,0,无结果,
521meili.com,0,无结果,
lamtsuenhoney.com,0,无结果,
singsong7.com,0,无结果,
520mary.com,0,无结果,
minowaya.com,0,无结果,
yaozhang2015.com,0,无结果,
rlmcons.com,0,无结果,
wowsns.com,0,无结果,
spidoshop.com,0,无结果,
gdigiallo.com,0,无结果,
greenmanshow.com,0,无结果,
kissloving.com,0,无结果,
ruihaoyh.com,0,无结果,
paipaicall.com,0,无结果,
vizuanswers.com,0,无结果,
18du18.com,0,无结果,
cctv34s8.com,0,无结果,
0954dh.com,0,无结果,
pilevoid.com,0,无结果,
ppadditives.com,0,无结果,
ledecoy.com,0,无结果,
moreuneed.com,0,无结果,
shuibeng1688.com,0,无结果,
robhenkel.com,0,无结果,
stock90.com,0,无结果,
youhui3213.com,1,无结果,兰州市虀扢滑酒店有限公司职业招聘网页,huaian.youhui3213.com,
zuijiangshan.com,0,无结果,
misforyou.com,0,无结果,
yz2che.com,0,无结果,
wtplastics.com,0,无结果,
candy2012.com,0,无结果,
nabaolilili.com,0,无结果,
myprosync.com,0,无结果,
evergreensoil.com,0,无结果,
puercha114.com,0,无结果,
seayun168.com,0,无结果,
sina0538.com,0,无结果,
josecohen.com,0,无结果,
chloefabre.com,0,无结果,
sina0797.com,0,无结果,
hostithaca.com,1,无结果,介休市笑霜卡盟有限公司待遇如何,www.hostithaca.com,
obbtz.com,0,无结果,
digerat.com,0,无结果,
morganticm.com,0,无结果,
bojibrew.com,0,无结果,
speclsoft.com,0,无结果,
virus1973.com,0,无结果,
cigperu.com,0,无结果,
tmcpenang.com,0,无结果,
drkoetter.com,0,无结果,
kerstgroet.com,0,无结果,
gardinns.com,0,无结果,
samfiske.com,0,无结果,
aquitulogo.com,0,无结果,
angel176.com,0,无结果,
jundokanfl.com,0,无结果,
uklifetest.com,0,无结果,
aimeev.com,0,无结果,
panweiyan.com,0,无结果,
xiongda2.com,0,无结果,
itpengpeng.com,0,无结果,
youyouboy.com,0,无结果,
plcshi.com,0,无结果,
reppaent.com,0,无结果,
pzh169.com,0,无结果,
b2bpearl.com,0,无结果,
baidushell.com,0,无结果,
xunadabx.com,0,无结果,
wet000ly.com,0,无结果,
revitajet.com,0,无结果,
xiehe2006.com,0,无结果,
hzjkxl.com,0,无结果,
schusoft.com,1,无结果,蛟河市生讲都专利有限公司联系电话是多少,www.schusoft.com,
orleansma.com,0,无结果,
rolandweb.com,0,无结果,
adprocent.com,0,无结果,
showbizmax.com,0,无结果,
chumashlax.com,0,无结果,
etacstore.com,0,无结果,
amycordero.com,0,无结果,
xinmengyi.com,0,无结果,
keegster.com,0,无结果,
jmsmgmt.com,0,无结果,
xi8an.com,0,无结果,
caijingwulin.com,0,无结果,
25xie.com,0,无结果,
xinghuila.com,0,无结果,
acusticaec.com,0,无结果,
innitt.com,0,无结果,
zdx678.com,0,无结果,
shoujiring.com,0,无结果,
nemotoday.com,0,无结果,
wsgqzd.com,0,无结果,
forex129.com,0,无结果,
n8cpa.com,0,无结果,
ploplist.com,0,无结果,
tomasnevin.com,0,无结果,
hefflegolf.com,0,无结果,
livalcom.com,0,无结果,
faereality.com,0,无结果,
knowthyhog.com,0,无结果,
ribarevdom.com,0,无结果,
careerguyd.com,0,无结果,
heidenseek.com,0,无结果,
artekay.com,0,无结果,
tinadickow.com,0,无结果,
mcleanthermal.com,0,无结果,
hidroazul.com,0,无结果,
newastrol.com,0,无结果,
hotdoggle.com,0,无结果,
baizuanwang.com,0,无结果,
wlwdesigns.com,1,无结果,上海武萨机械设备有限公司-企业首页,wlwdesigns.com,
91dahui.com,0,无结果,
scottcopy.com,0,无结果,
tnbfsyy.com,0,无结果,
hotsaucers.com,0,无结果,
5211sunlips.com,0,无结果,
ilikevista.com,0,无结果,
darezarekt.com,0,无结果,
annehache.com,0,无结果,
aliyemutlu.com,0,无结果,
agatanet.com,0,无结果,
bartbarker.com,0,无结果,
smuntzwood.com,0,无结果,
eukadia.com,0,无结果,
chicagospy.com,0,无结果,
celioduran.com,0,无结果,
pbtgp.com,0,无结果,
zhizhuanmacau.com,0,无结果,
leocastro.com,0,无结果,
adamhowitt.com,0,无结果,
17youhuigou.com,0,无结果,
t9vision.com,1,无结果,太原市家园电器制冷有限公司首页,www.t9vision.com,
adampistek.com,0,无结果,
kalapura.com,0,无结果,
fifothecat.com,0,无结果,
cafeiris.com,0,无结果,
cailiying8.com,0,无结果,
5544jyw.com,0,无结果,
forexdad.com,0,无结果,
vod1314.com,0,无结果,
xangeling.com,0,无结果,
cfkazakhstan.com,0,无结果,
jinfanqie88.com,0,无结果,
jediguild.com,0,无结果,
youcc88.com,0,无结果,
de0606.com,0,无结果,
ertongduwu.com,0,无结果,
haozhee.com,0,无结果,
xymbjf8.com,0,无结果,
xingmatai.com,0,无结果,
coolmoding.com,0,无结果,
qiangxifu.com,0,无结果,
newadmin5.com,1,无结果,蚌埠市士居雷天然气贸易公司职业招聘网页,www.newadmin5.com,
taobaomingcha.com,0,无结果,
qinmeihui.com,0,无结果,
panhui520.com,0,无结果,
0515cars.com,0,无结果,
dephiforums.com,0,无结果,
dgyk0769.com,8,快赢|,宁德市价当不雕刻贸易公司的首页,www.dgyk0769.com,﻿武昌公司注销步骤_武昌注销公司涉事项 了机大桥动梯队班...,www.dgyk0769.com,硕士点先容-2020最赚钱项目_十大最赚钱的项目_快赢吧,www.dgyk0769.com,专业硕士-2020最赚钱项目_十大最赚钱的项目_快赢吧,www.dgyk0769.com,﻿广州补缴社保泽才 代理补缴深圳番禺社保 必不的关可少键...,www.dgyk0769.com,就业信息-2020最赚钱项目_十大最赚钱的项目_快赢吧,www.dgyk0769.com,﻿德国阳光蓄电池A412/5.5 SR 按顺坯纹或纹组大部分顺-宁...,www.dgyk0769.com,深圳市宏力捷电子有限公司-企业首页,dgyk0769.com,
gxsgpf88.com,0,无结果,
taojiepeisong.com,0,无结果,
hbahk.com,0,无结果,
wuhanweddings.com,0,无结果,
borneocharter.com,0,无结果,
mashanyao58.com,0,无结果,
gzyjschool.com,0,无结果,
eloccidental.com,0,无结果,
fuzhuang315.com,0,无结果,
ofaceskinkare.com,0,无结果,
eqianmeng.com,0,无结果,
elephrame2.com,0,无结果,
shengjiufu.com,0,无结果,
lingtouke.com,0,无结果,
mobile2soft.com,0,无结果,
slgjwzyy168.com,0,无结果,
icashnetworks.com,0,无结果,
kongxianhui.com,0,无结果,
wentionline.com,0,无结果,
ctjsq.com,0,无结果,
cndhja.com,0,无结果,
ecoswayfujian.com,0,无结果,
mawaris.com,0,无结果,
moranw.com,0,无结果,
yunmeiguo.com,0,无结果,
rainbow3188.com,0,无结果,
soukomusic.com,0,无结果,
husteduqk.com,0,无结果,
minghacker.com,0,无结果,
wanghuojia.com,0,无结果,
supfire163.com,0,无结果,
zhanjiang88.com,0,无结果,
onlyfor1night.com,0,无结果,
yaohe18.com,0,无结果,
llzfc.com,0,无结果,
xygp168.com,0,无结果,
myjob777.com,0,无结果,
kskyyspx.com,0,无结果,
ulnoh38.com,0,无结果,
shenzhenyida.com,0,无结果,
iamodi.com,0,无结果,
longhaowang.com,0,无结果,
listationery.com,0,无结果,
heisangguo8.com,0,无结果,
ds175coffee.com,0,无结果,
cqrc365.com,0,无结果,
tuceco.com,0,无结果,
menghuiys.com,0,无结果,
bobo305.com,0,无结果,
tangyjs.com,0,无结果,
linghunchibi.com,0,无结果,
mingpinfushi.com,0,无结果,
teyetw.com,0,无结果,
zipintang.com,0,无结果,
tongzhou1999.com,0,无结果,
alliepup.com,0,无结果,
mudanzhongzhi.com,0,无结果,
yiliao686.com,0,无结果,
qdfuyingde.com,0,无结果,
kadovat.com,0,无结果,
acrosspse.com,0,无结果,
334dse.com,0,无结果,
563blog.com,0,无结果,
zgazbj.com,0,无结果,
wjxinxi.com,0,无结果,
nyannyanji.com,0,无结果,
rqsmzj.com,0,无结果,
fjzzwh.com,0,无结果,
yueranmedia.com,0,无结果,
wpzt100.com,0,无结果,
777student.com,0,无结果,
freedown007.com,0,无结果,
meiyoupai.com,0,无结果,
truyenmix.com,0,无结果,
4cdiamant.com,0,无结果,
6emb.com,0,无结果,
in2wap.com,0,无结果,
sursilvaz.com,0,无结果,
10dongtian.com,0,无结果,
zhekoubq.com,0,无结果,
livelyrare.com,0,无结果,
0312yanke.com,0,无结果,
wxsksq.com,0,无结果,
ningbomedia.com,0,无结果,
zjxiaosheng.com,0,无结果,
meiyintai66.com,0,无结果,
zhenzhishang.com,0,无结果,
langya666.com,0,无结果,
yican365.com,0,无结果,
jugosmistura.com,0,无结果,
payworksblog.com,0,无结果,
mtr2u.com,0,无结果,
duolaiming8.com,0,无结果,
wmgj345.com,0,无结果,
cathyscure.com,0,无结果,
wl0534.com,0,无结果,
brixencasa.com,0,无结果,
ducati998rs.com,0,无结果,
phantomdoll.com,0,无结果,
brearleyphoto.com,0,无结果,
myshhome.com,0,无结果,
yishengfu99.com,0,无结果,
lrfze2sf.com,0,无结果,
ibotme.com,0,无结果,
wenxue0531.com,0,无结果,
wfc168168.com,0,无结果,
showtao8.com,0,无结果,
t2861thl2.com,0,无结果,
haiminhjsc.com,0,无结果,
jctpyjsjlb.com,0,无结果,
weigo98.com,0,无结果,
susie1239.com,0,无结果,
zzj2008.com,0,无结果,
laolishi998.com,0,无结果,
zgxdnysc8.com,0,无结果,
hihiwe.com,0,无结果,
briangillies.com,0,无结果,
playworld999.com,0,无结果,
hpeninsula.com,0,无结果,
uk303.com,0,无结果,
naocanpai.com,0,无结果,
weisc10086.com,0,无结果,
bishihua.com,0,无结果,
mylevelcn.com,0,无结果,
dimitribai.com,0,无结果,
xingguang8.com,0,无结果,
scjyjc2015.com,0,无结果,
lgx2189.com,0,无结果,
qiying2013.com,0,无结果,
acsv7t.com,0,无结果,
rverona.com,0,无结果,
hongqiao126.com,0,无结果,
kirkland8.com,0,无结果,
powerofptc.com,0,无结果,
feelmusic88.com,1,无结果,个旧市饨馄贼菜谱有限公司网站是多少,www.feelmusic88.com,
zctv188.com,0,无结果,
wuqingtuangou.com,0,无结果,
alerontrio.com,0,无结果,
angwuangwu.com,0,无结果,
zhizuobushuo.com,0,无结果,
weichaijituan.com,0,无结果,
xingqi7kb.com,0,无结果,
zivzirl.com,0,无结果,
osimplylove.com,0,无结果,
woman08.com,0,无结果,
netstreetol.com,0,无结果,
21trademark.com,0,无结果,
haotaitai168.com,0,无结果,
deennasour.com,0,无结果,
kuaiebaoo.com,0,无结果,
jlu520.com,0,无结果,
mobilemediacn.com,0,无结果,
changshamenye.com,0,无结果,
yunyuzhuanjia.com,0,无结果,
tiantiandangao.com,0,无结果,
nofuture69.com,0,无结果,
yuantongyazhu.com,0,无结果,
crescentyard.com,0,无结果,
whjc2018.com,0,无结果,
jtliuxueusa.com,0,无结果,
winnerchoose.com,0,无结果,
lulu271408.com,0,无结果,
jsgoldenboy.com,0,无结果,
naudionline.com,0,无结果,
sssy2010.com,0,无结果,
helenasukova.com,0,无结果,
hzh2012.com,0,无结果,
confedhry.com,0,无结果,
hellozhoupeng.com,0,无结果,
montabahn.com,0,无结果,
pathovirome.com,0,无结果,
worldofsj.com,0,无结果,
jeriflowers.com,0,无结果,
hengxin5698.com,2,无结果,新民市吹风一翻译有限公司网站是多少,www.hengxin5698.com,北京艾宾克环保科技有限公司-企业首页,hengxin5698.com,
xygj5188.com,0,无结果,
hbamsterdam.com,0,无结果,
baixingshidian.com,0,无结果,
shokufuku.com,0,无结果,
bhz51.com,0,无结果,
hnyupinju.com,0,无结果,
rongrong0630.com,0,无结果,
h2oanalyzers.com,0,无结果,
casanariviera.com,0,无结果,
juancheng99.com,0,无结果,
pingjia168.com,0,无结果,
bj2008daily.com,0,无结果,
sanjiancaotang.com,0,无结果,
hzbjzp.com,0,无结果,
youluu.com,0,无结果,
ofuzone.com,0,无结果,
packbonplan.com,0,无结果,
shjjtzspa.com,0,无结果,
jannycn.com,0,无结果,
315bjpw.com,0,无结果,
djbonsu.com,0,无结果,
miamiherals.com,0,无结果,
zjjiahepm.com,0,无结果,
gillyuan.com,0,无结果,
zxhjtz.com,0,无结果,
blossomice.com,0,无结果,
easylife899.com,0,无结果,
shiuyiu.com,0,无结果,
1688wangdian.com,0,无结果,
ceilidhcrew.com,0,无结果,
phillweber.com,0,无结果,
coloniainfo.com,0,无结果,
cummon.com,0,无结果,
superplutus.com,0,无结果,
dmdsoftware.com,0,无结果,
waabow.com,0,无结果,
kirthferris.com,0,无结果,
bookbagit.com,0,无结果,
npbdauto.com,0,无结果,
minhja.com,0,无结果,
yongguan168.com,0,无结果,
goldhourly.com,0,无结果,
myaceone.com,0,无结果,
jzfx8.com,0,无结果,
mimoyoja.com,0,无结果,
careymommy.com,0,无结果,
leesburglaw.com,0,无结果,
oorvasi.com,0,无结果,
mattsetnes.com,0,无结果,
flysensors.com,0,无结果,
mobleinc.com,0,无结果,
ngcheeseng.com,0,无结果,
todocupon.com,0,无结果,
imawanker.com,0,无结果,
santabikers.com,0,无结果,
ockamdesign.com,0,无结果,
pastortime.com,0,无结果,
hogaholic.com,0,无结果,
seekarmy.com,0,无结果,
finesaunas.com,0,无结果,
tjfmusic.com,0,无结果,
ldhss.com,0,无结果,
reefnexus.com,0,无结果,
huayi1788.com,4,无结果,Speech_Shenzhen Huayi Development Technology Co.  Ltd.,huayi1788.com,About uS_Shenzhen Huayi Development Technology Co.  Ltd.,www.huayi1788.com,Contact Us_Shenzhen Huayi Development Technology Co.  ...,www.huayi1788.com,
cmnbaby.com,0,无结果,
dxkfss.com,0,无结果,
say324.com,0,无结果,
sysrzc.com,0,无结果,
cesaraward.com,0,无结果,
babyangelo.com,0,无结果,
mdyouzu.com,0,无结果,
ranlvmei.com,0,无结果,
harrisonkofc.com,0,无结果,
kutlubayotel.com,0,无结果,
gutsyleaders.com,0,无结果,
jsjk01.com,0,无结果,
icquanbao.com,0,无结果,
homesinveniceflorida.com,0,无结果,
awareness-fengshui.com,0,无结果,
online-pokeren.com,0,无结果,
sharonforbes.com,0,无结果,
irishmotorsport.com,0,无结果,
silknsteel.com,0,无结果,
shoelacesforless.com,0,无结果,
justcrockpots.com,0,无结果,
spanishhoroscope.com,0,无结果,
pascal-doriguzzi.com,0,无结果,
hialauraranch.com,0,无结果,
consensualkink.com,0,无结果,
munroesteel.com,0,无结果,
vonformat.com,0,无结果,
springjewels.com,0,无结果,
kiwanordic.com,0,无结果,
hoozierdaddy.com,0,无结果,
garretwhitney.com,0,无结果,
greatlakesstudios.com,0,无结果,
eggpublishing.com,0,无结果,
leavingcash.com,0,无结果,
dickwitham.com,0,无结果,
reptile-cage.com,0,无结果,
mhansonphotography.com,0,无结果,
djpegs.com,0,无结果,
pray4hayden.com,0,无结果,
bridgecitybuilders.com,0,无结果,
medspamatch.com,0,无结果,
artisans-alarces.com,0,无结果,
balforsgard.com,0,无结果,
nzsanctuary.com,0,无结果,
cecampanet.com,0,无结果,
winebynine.com,0,无结果,
chickenfarmforsale.com,0,无结果,
houstonhealthclubs.com,0,无结果,
budgetapplication.com,0,无结果,
nuraksesuar.com,0,无结果,
celestialro.com,0,无结果,
cityhouseforsale.com,0,无结果,
thetexassearch.com,0,无结果,
fitodelgado.com,0,无结果,
fluffytarget.com,0,无结果,
ftsuaritma.com,0,无结果,
camping-foods.com,0,无结果,
caykurcayevi.com,0,无结果,
spincyclerinse.com,0,无结果,
ichcluster.com,0,无结果,
arteaplicado.com,0,无结果,
rabaisausoleil.com,0,无结果,
apolloprints.com,0,无结果,
ebsi-usa.com,0,无结果,
efekentlim.com,0,无结果,
parsleyteam.com,0,无结果,
leosstudio.com,0,无结果,
lapdatcapquang.com,0,无结果,
yenianayasa.com,0,无结果,
rochellelaw.com,0,无结果,
rentcropland.com,0,无结果,
astroalima.com,0,无结果,
yoreselhali.com,0,无结果,
datsunbandung.com,0,无结果,
debbieanddavid.com,0,无结果,
nyonlinelawyer.com,0,无结果,
refsadvantage.com,0,无结果,
hasseliminsaat.com,0,无结果,
thewagmangroup.com,0,无结果,
aandbservice.com,0,无结果,
tennesseehoes.com,0,无结果,
coyotesworld.com,0,无结果,
1for1thebook.com,0,无结果,
atikdanismani.com,0,无结果,
pizzcorner.com,0,无结果,
muchphrases.com,0,无结果,
ingeniawebside.com,0,无结果,
woodworkingvdo.com,0,无结果,
satvlodanang.com,0,无结果,
allstarmiami.com,0,无结果,
rnrbookclub.com,0,无结果,
4999086.com,0,无结果,
89682288.com,0,无结果,
leehotchkiss.com,0,无结果,
raphaelperry.com,0,无结果,
brasserie-dannoeullin.com,0,无结果,
qzjcwl.com,0,无结果,
yeqidc.com,0,无结果,
alsisac.com,0,无结果,
mpcgs.com,0,无结果,
metscards.com,0,无结果,
rafimda.com,0,无结果,
nanbaoxz.com,0,无结果,
shgwmodel.com,0,无结果,
nqflgfz.com,0,无结果,
tiaceo.com,0,无结果,
donuffin.com,0,无结果,
ula168.com,0,无结果,
ling9510.com,0,无结果,
myiyy.com,0,无结果,
jotpile.com,0,无结果,
huanwu8.com,0,无结果,
poozhman.com,0,无结果,
nyzipcodes.com,0,无结果,
rare88.com,0,无结果,
zplt029.com,0,无结果,
smkuech.com,0,无结果,
adsale4u.com,0,无结果,
stylelifeguide.com,0,无结果,
mrcheatingandair.com,0,无结果,
tokomaula.com,0,无结果,
pcroto.com,0,无结果,
lrsm99.com,0,无结果,
rckif.com,0,无结果,
meine-shoppingwelt.com,0,无结果,
bashuy.com,0,无结果,
afilly8.com,0,无结果,
intimkaese.com,0,无结果,
lowkrantz.com,0,无结果,
shlhqc.com,0,无结果,
framasexe.com,0,无结果,
caomeixs.com,0,无结果,
oiu8.com,0,无结果,
tkrltd.com,0,无结果,
woool186.com,0,无结果,
symymy.com,0,无结果,
kruckus.com,0,无结果,
dhygw2223.com,0,无结果,
dgcyqzj.com,0,无结果,
9n0v.com,0,无结果,
hongya96.com,0,无结果,
xrlzz4747.com,0,无结果,
ahhflife.com,0,无结果,
gu825.com,0,无结果,
nilotel.com,0,无结果,
bagabones.com,0,无结果,
quxiu868.com,0,无结果,
jkyscd.com,0,无结果,
yigouyl3.com,0,无结果,
xunijifen.com,0,无结果,
szxfpp.com,0,无结果,
yanggunh.com,0,无结果,
ifnwhendy.com,0,无结果,
aerosalis.com,0,无结果,
bthn588.com,0,无结果,
hustjek.com,0,无结果,
a0b5o37.com,0,无结果,
tpwhj.com,0,无结果,
hdwnn.com,0,无结果,
xc362.com,0,无结果,
mqrutw.com,0,无结果,
roksg.com,0,无结果,
dlyvhd.com,0,无结果,
crazy76.com,0,无结果,
lhthk.com,0,无结果,
saxne.com,0,无结果,
ds6029.com,0,无结果,
fucai007.com,0,无结果,
wdrns.com,0,无结果,
nlbbp.com,0,无结果,
dsfpp.com,0,无结果,
fqlsz.com,0,无结果,
aymiz.com,0,无结果,
uykon.com,0,无结果,
dglpp.com,0,无结果,
myracam.com,0,无结果,
pablica.com,0,无结果,
tejej.com,0,无结果,
clfda.com,0,无结果,
jeufeng.com,0,无结果,
sucud.com,0,无结果,
